app_id,app_name,user_name,content,score,review_date,sentiment_label,sentiment_score,word_count
com.google.android.apps.subscriptions.red,Google One,K venkataramana K v ramana,👌👍👍,5,2026-05-02 18:01:11,negative,0.6970565915107727,1
com.google.android.apps.subscriptions.red,Google One,Eugeliez Mae Palcat,can you please refund my money.. I need my money.. why didn't you reply in my messages in your email address..,2,2026-05-02 15:49:37,negative,0.9992846846580504,21
com.google.android.apps.subscriptions.red,Google One,Tavling Apa,Google is making things worse. I just deleted 1 GB of photos just to clear space and somehow my photo storage gained 1 GB less than 10 minutes later without adding anything. Google's help sites dodge questions and even their automated review responses provided dead links. Google needs to stop shooting themselves in the foot and make their software function before shoving unwanted AI into everywhere it doesn't belong.,1,2026-05-02 15:42:22,negative,0.9997783303260804,69
com.google.android.apps.subscriptions.red,Google One,Rich Heaney,nice,5,2026-05-02 15:13:42,positive,0.9998552799224854,1
com.google.android.apps.subscriptions.red,Google One,Ashley Macek,good,5,2026-05-02 13:41:59,positive,0.999816119670868,1
com.google.android.apps.subscriptions.red,Google One,Samantha Sorteberg,I used this app once I ran out of email and photo storage ♡,5,2026-05-02 13:37:21,negative,0.9961475133895874,14
com.google.android.apps.subscriptions.red,Google One,Nawid Ahmad Talash,❤️,5,2026-05-02 10:42:59,negative,0.6970565915107727,1
com.google.android.apps.subscriptions.red,Google One,Nayeb Ali,nice ☺️ to,5,2026-05-02 07:58:23,positive,0.9998503923416138,3
com.google.android.apps.subscriptions.red,Google One,King Curt,"At the same emails, for the past 15 years, never had any issues until I got extra storage now.I can't stand overseas without having to pay for extra boo0oo Thumbs 2 thumbs down!",1,2026-05-02 06:36:33,negative,0.9937739372253418,33
com.google.android.apps.subscriptions.red,Google One,S. T.,you overcharged me for about 10 months 😡,1,2026-05-02 05:27:28,negative,0.9926039576530457,8
com.google.android.apps.subscriptions.red,Google One,Leiver Doriaromero,Excelenete.,5,2026-05-02 02:39:57,positive,0.9988558292388916,1
com.google.android.apps.subscriptions.red,Google One,Frank DeNunzio (Frank The Lunatic),"Sometimes it takes forever to back up, other times it just hangs, even though it's the same wifi connection. I've had it take over 1 to 2 days to back up a few pictures. The pricing plans suck. They give you 15gb free and then there is nothing in between that you can pay for, you have no choice but to go to a 2tb plan.The plans were different years back. Why not have a 25gb/50gb/1tb plans? I pay every month for storage amounts that I wont use because I have 20 to 30gb.",3,2026-05-02 00:34:25,negative,0.999541163444519,94
com.google.android.apps.subscriptions.red,Google One,LaFreya “African Butterfly” Gonzalez,I hate this app. It makes you pay for storage and you cant plbiy unless you save your card,1,2026-05-02 00:16:46,negative,0.9995960593223572,19
com.google.android.apps.subscriptions.red,Google One,Tammy M Seliga,I love this app but it is way too much money for me cause I'm on a fixed income and I am going to College at CTU Online and I have to pay rent and other bills,5,2026-05-01 22:12:19,negative,0.9988858103752136,37
com.google.android.apps.subscriptions.red,Google One,Mithilesh Kale,"pre installed bloatware, don't use, can't uninstall it only uninstall updates, app is still eating storage why assistant if gemini has replaced it, let us remove assistant completely",1,2026-05-01 21:01:16,negative,0.9977647066116332,28
com.google.android.apps.subscriptions.red,Google One,Dwight Morris,I'm don't know yet using it this morning,4,2026-05-01 20:25:52,negative,0.9926407933235168,8
com.google.android.apps.subscriptions.red,Google One,Waseemwaseempk Waseemwaseempk,good,5,2026-05-01 20:22:06,positive,0.999816119670868,1
com.google.android.apps.subscriptions.red,Google One,Ara carmina Baer,i want to get a refund. why im paying this at my credit card. so crazy,2,2026-05-01 17:37:37,negative,0.9987128973007202,16
com.google.android.apps.subscriptions.red,Google One,Jasper Dolphin,does what it's supposed to do,5,2026-05-01 17:26:46,positive,0.9977781176567078,6
com.google.android.apps.subscriptions.red,Google One,Shima Ghosh,great app Google one so nice Google! i hope improve and optimization better,5,2026-05-01 16:59:01,positive,0.9976882934570312,13
com.google.android.apps.subscriptions.red,Google One,Bhimsen Kumar Bhandari,very helpful apps,5,2026-05-01 16:28:40,positive,0.9997556805610656,3
com.google.android.apps.subscriptions.red,Google One,Raja Munawar,nice,5,2026-05-01 16:05:46,positive,0.9998552799224854,1
com.google.android.apps.subscriptions.red,Google One,Parnika Chaurasia,"please stop your Google AI plus ad on YouTube, have seen it almost 50 times and daily I have to bear it and it's getting on my nerves now. I will be forced to block Google from showing ads.",1,2026-05-01 14:55:46,negative,0.9991762042045592,39
com.google.android.apps.subscriptions.red,Google One,Alhagiejamba jaiteh,good,5,2026-05-01 13:59:54,positive,0.999816119670868,1
com.google.android.apps.subscriptions.red,Google One,Shanmugasundari Sriram,super,5,2026-05-01 09:03:05,positive,0.998783528804779,1
com.google.android.apps.subscriptions.red,Google One,Asma bibi,This app is not secure and it needs improvement.,2,2026-05-01 06:48:56,negative,0.9997197985649108,9
com.google.android.apps.subscriptions.red,Google One,Richard,one more app that I can't disable or uninstall and I don't want or use,1,2026-05-01 06:04:12,negative,0.9984429478645324,15
com.google.android.apps.subscriptions.red,Google One,austinejunior otuimom,It was good using this application. Thanks,5,2026-05-01 05:43:05,positive,0.9998207688331604,7
com.google.android.apps.subscriptions.red,Google One,Melissa Renaud,like every other app it makes it almost impossible to unsubscribe. which encourage you to give up. pay the price this month. forget about it for the next 3 months. it's all money down the toilet cuz it's not helping you anyway,1,2026-05-01 04:02:25,negative,0.9995601773262024,42
com.google.android.apps.subscriptions.red,Google One,Bunny Khan,oky,5,2026-05-01 03:26:12,positive,0.9996008276939392,1
com.google.android.apps.subscriptions.red,Google One,Robert Swindel,Need the mobile app,5,2026-04-30 22:18:02,negative,0.9863852858543396,4
com.google.android.apps.subscriptions.red,Google One,Bradley White,I like the space,5,2026-04-30 21:50:15,positive,0.9998483657836914,4
com.google.android.apps.subscriptions.red,Google One,diederik bester,"was on 100gb plan. yesterday suddenly it was over with 113gb. was forced to upgrade. just after upgrading to 200gb, it was back at +-32gb used. asked for a refund and its refused, what scam is google running these days.",1,2026-04-30 19:58:49,negative,0.9989783763885498,40
com.google.android.apps.subscriptions.red,Google One,Igor R,I cannot uninstall this app,1,2026-04-30 19:31:19,negative,0.9972375631332396,5
com.google.android.apps.subscriptions.red,Google One,Raviraushan Sharma,Super,5,2026-04-30 19:07:53,positive,0.998783528804779,1
com.google.android.apps.subscriptions.red,Google One,BC 2020,susah bayarnya bank BNI 46 tidak ada,1,2026-04-30 17:36:41,negative,0.9504157304763794,7
com.google.android.apps.subscriptions.red,Google One,Birdal Lohra,parmisan,5,2026-04-30 16:45:42,positive,0.7299715280532837,1
com.google.android.apps.subscriptions.red,Google One,MD Shahjahan Meah,nice 👍👍👍,5,2026-04-30 14:26:31,positive,0.999842405319214,2
com.google.android.apps.subscriptions.red,Google One,Dallsoz Ashna,١٠٠,5,2026-04-30 13:37:29,negative,0.6970565915107727,1
com.google.android.apps.subscriptions.red,Google One,Lionel Saon,done,5,2026-04-30 13:23:21,positive,0.985146701335907,1
com.google.android.apps.subscriptions.red,Google One,Greycat -,They unilaterally activated a subscription and deducted funds.,1,2026-04-30 13:22:25,negative,0.9989838004112244,8
com.google.android.apps.subscriptions.red,Google One,Desirae Dickson,confusing as hell,1,2026-04-30 12:21:00,negative,0.9992927312850952,3
com.google.android.apps.subscriptions.red,Google One,Thomas garland,better than Google too.,5,2026-04-30 11:33:09,positive,0.9996378421783448,4
com.google.android.apps.subscriptions.red,Google One,Aliyy Olaleye,Great,5,2026-04-30 11:28:47,positive,0.9998630285263062,1
com.google.android.apps.subscriptions.red,Google One,Faye Pahulu,Excellent service 💯,5,2026-04-30 11:25:47,positive,0.9998108744621276,3
com.google.android.apps.subscriptions.red,Google One,Israel vilchez,don't like,2,2026-04-30 10:59:18,negative,0.9811224937438964,2
com.google.android.apps.subscriptions.red,Google One,Sachin Rajak,I like it's app.,5,2026-04-30 10:30:58,positive,0.999766170978546,4
com.google.android.apps.subscriptions.red,Google One,Germaine Montgomery,I'm paying for Google one 2 TB of extra storage Why? I am shown storage is full on my phone and I'm unable to update apps I'm asked to remove apps to update apps when i remove apps I'm still shown not enough space I cant update app What's going on? I have 32 gig storage on my phone and a 64 gig micro sd card You all are somehow counting my sd card as space on my phone There is nothing going to the Google one storage im paying for Why isn't there anything going to google one storage?,1,2026-04-30 08:07:23,negative,0.9994902610778807,100
com.google.android.apps.subscriptions.red,Google One,Suprava Bhakta,delete,5,2026-04-30 01:48:55,negative,0.9996235370635986,1
com.google.android.apps.subscriptions.red,Google One,Ebenezer George-stone,"Hey there! I completely understand your perspective regarding Google One—it’s truly impressive, isn’t it? The convenience with which it facilitates the organization of storage, alongside the additional features it offers, really transforms the user experience. It’s a significant improvement that many people appreciate. Moreover, the ability to share these services with family members is a fantastic feature that enhances its value! Have you had the chance to explore any of the other perks that co",5,2026-04-30 00:11:20,positive,0.9998538494110109,75
com.google.android.apps.subscriptions.red,Google One,Rahul Kumar,Ni 1,4,2026-04-29 20:17:40,positive,0.9056723117828368,2
com.google.android.apps.subscriptions.red,Google One,Jacob Adams,"The initial offer of 5 TB included was great. I didn't use it all that much, but it was ok. In the past I could get 200 GB of storage. I don't seem to see that offer anymore… so instead of keeping me as a customer, I've got to download all my important stuff on these services and get down to under 100 GB. I'm only using 114 GB. The 200 GB offer would be perfect. Where did that option go? I'm in Vietnam",2,2026-04-29 19:44:32,negative,0.9794803857803344,84
com.google.android.apps.subscriptions.red,Google One,Amir khan,good luck best wishes,5,2026-04-29 16:38:29,positive,0.9998323917388916,4
com.google.android.apps.subscriptions.red,Google One,Amber P,that,4,2026-04-29 15:08:13,positive,0.9894816875457764,1
com.google.android.apps.subscriptions.red,Google One,Thabo Mofokeng,When ever i fall behind my payment all my contacts disappear then i have to start from scratch to save each and every contact details how reckless is this?,1,2026-04-29 14:11:49,negative,0.9996782541275024,29
com.google.android.apps.subscriptions.red,Google One,David McPeak,I love this storage,5,2026-04-29 13:19:09,positive,0.999863862991333,4
com.google.android.apps.subscriptions.red,Google One,Arinze Onwuachusi,Please I need urgent help. My subscription was scheduled for 28th of May but I got debited in my bank on the 27th of May. I wanted to refund but I’m still yet to receive a Google receipt in my email for the debit. I checked budget and orders and it was the topmost (most recent order) but I couldn’t report a problem on it.  I also tried canceling and it only canceled the subscription for the next payment. Please I need a refund ASAP as I want to downgrade,1,2026-04-29 12:40:52,negative,0.998927891254425,90
com.google.android.apps.subscriptions.red,Google One,Damon Green,IPhone16plus is my device,5,2026-04-29 10:09:19,negative,0.8007819652557373,4
com.google.android.apps.subscriptions.red,Google One,Eliza Marie,"There is a problem I am being charged two prices for my family plan with YouTube- I thought I was paying the $22.99 for the family, but I have paid the $14.99 for my premium under an account in my family. Please how do you address the family YouTube plan? It has me paying $37.98 what gives?",1,2026-04-29 09:37:36,negative,0.9971653819084167,57
com.google.android.apps.subscriptions.red,Google One,Will Parfait,cool thanks,5,2026-04-29 06:29:21,positive,0.9998489618301392,2
com.google.android.apps.subscriptions.red,Google One,Marcos Cortez,I cant even find my subscription,1,2026-04-29 06:05:47,negative,0.9987623691558838,6
com.google.android.apps.subscriptions.red,Google One,Josh,Stuck on the page with Google AI and additional storage. Neither button works and can't get off the page to look at the app. EDIT: I was able to get it to work by going through the Photos app. Deals were still available and no page for the AI appeared. Updated to 4 stars.,4,2026-04-29 06:01:22,negative,0.9986938834190368,54
com.google.android.apps.subscriptions.red,Google One,M/F Digital Studio,Good Apps,5,2026-04-29 05:46:08,positive,0.9998608827590942,2
com.google.android.apps.subscriptions.red,Google One,Tripti Lakshkar,I m first time purchase vastiage product I m use this give vistage product after use the item very goodi like it .,5,2026-04-29 05:09:49,positive,0.990728497505188,23
com.google.android.apps.subscriptions.red,Google One,Mary (L),will not let me receive my text messages,1,2026-04-29 03:57:07,positive,0.9573116302490234,8
com.google.android.apps.subscriptions.red,Google One,San Dor,my worst nightmare!!!!!!!,1,2026-04-29 02:21:23,negative,0.9973044395446776,3
com.google.android.apps.subscriptions.red,Google One,Masum Khan,Excellent job 👍👏,5,2026-04-29 01:49:54,positive,0.999804675579071,3
com.google.android.apps.subscriptions.red,Google One,Regina Sheffield,"I got charged 2 times this last month,and they still want me to pay a third time,it's crazy that we have to buy storage anyway, but to charge me 2 times and want a 3rd payment nope",1,2026-04-29 01:31:29,negative,0.9972184896469116,37
com.google.android.apps.subscriptions.red,Google One,Joel Jacob Jose,Don't ever come as an Inbuilt app. Reduced my storage space.,1,2026-04-29 01:12:10,negative,0.9996358156204224,11
com.google.android.apps.subscriptions.red,Google One,Z. Shafan,good,5,2026-04-28 22:07:19,positive,0.999816119670868,1
com.google.android.apps.subscriptions.red,Google One,Tom Kearney,"I was paying $2.99 a month for years for extra storage. With no warning, no agreement, Google have upgraded me without consent to Google One and started deducting $33 per month. I didn't sign up for this?! I've reported an issue three times and nothing has come of it. It's outrageous – where's the user agreement? It's daylight robbery. And now if I want to cancel, I'm being told I'll lose all my data. Unbelievable.",1,2026-04-28 21:53:56,negative,0.9996750354766846,75
com.google.android.apps.subscriptions.red,Google One,SELAMAWIT ALEBACHEW,have problem on my inbox,5,2026-04-28 20:37:11,negative,0.9987965822219848,5
com.google.android.apps.subscriptions.red,Google One,ReverendLondo,"Charged me for the ""unlimited"" Gemini ""thinking"" option, still cut me off within a day of usage back down to the basic model without warning or acknowledgement. Looking forward to the class action lawsuit",2,2026-04-28 19:12:33,negative,0.992871344089508,34
com.google.android.apps.subscriptions.red,Google One,Gregory Gray,5 Star all the way,5,2026-04-28 14:16:50,positive,0.9987903237342834,5
com.google.android.apps.subscriptions.red,Google One,Michael,Like the cheaper options that still included AI features and Gemini,4,2026-04-28 13:42:13,positive,0.9603186249732972,11
com.google.android.apps.subscriptions.red,Google One,md habib,nice apps,5,2026-04-28 12:42:48,positive,0.999850869178772,2
com.google.android.apps.subscriptions.red,Google One,Regine Eusebio,haist...hindi ko naman alam ang apps na to pero bigla biglang nagsubscribe...nasayang ang pera sa hindi ko namn dinadownload na apps,1,2026-04-28 11:33:07,negative,0.9958391189575196,21
com.google.android.apps.subscriptions.red,Google One,Mary B. Wilkerson,I just love this application ! It's amazing ! Effortless !😘💯%,5,2026-04-28 11:25:05,positive,0.9998862743377686,11
com.google.android.apps.subscriptions.red,Google One,Danielle McGee,canceled but still charging me,1,2026-04-28 09:10:49,negative,0.9613563418388368,5
com.google.android.apps.subscriptions.red,Google One,Jeremy Pollock,"they stole $.49 from me, I never signed up, never downloaded the app, never shared banking info with this app. yet they stole my money. yea, it's only $.49 now. but I'm not having anyone steal any amount from me that I worked for and they didnt. I'm contacting an attorney. you fix this problem or there will be legal and public ramifications.",1,2026-04-28 09:03:51,negative,0.9981934428215028,63
com.google.android.apps.subscriptions.red,Google One,Marco,"I have no idea, what that is and why it's consuming so such space.",1,2026-03-31 23:53:15,negative,0.9923269152641296,14
com.google.android.apps.subscriptions.red,Google One,Chris Otah,very amazing app,5,2026-03-31 21:43:14,positive,0.9998725652694702,3
com.google.android.apps.subscriptions.red,Google One,Ali Koya,super,5,2026-03-31 21:31:28,positive,0.998783528804779,1
com.google.android.apps.subscriptions.red,Google One,Jetlee “Rullan” Ricalde,😊😊 good,5,2026-03-31 18:39:59,positive,0.9998576641082764,2
com.google.android.apps.subscriptions.red,Google One,Sohel Shaikh,good,5,2026-03-31 18:31:02,positive,0.999816119670868,1
com.google.android.apps.subscriptions.red,Google One,Saleem Shah,helpful,5,2026-03-31 18:25:01,positive,0.9997673630714417,1
com.google.android.apps.subscriptions.red,Google One,Nour Cali Haji mude,nourcalihaji,5,2026-03-31 17:08:54,negative,0.9599161148071288,1
com.google.android.apps.subscriptions.red,Google One,Hussain,"overall fully satisfied with this app, this app really deserves 5 star ✨ ratings definitely...",5,2026-03-31 15:25:23,positive,0.9986623525619508,15
com.google.android.apps.subscriptions.red,Google One,Fathima,Thank you so much helpful to me... very nice Google app..👌👏😊,5,2026-03-31 14:49:04,positive,0.9998263716697692,11
com.google.android.apps.subscriptions.red,Google One,AJ_SHERLOCK,👍,5,2026-03-31 14:49:02,negative,0.6970565915107727,1
com.google.android.apps.subscriptions.red,Google One,Shadow Qn,I was charged TWICE for February & March! I want 2 refunds.,1,2026-03-31 14:44:17,negative,0.9879429936408995,12
com.google.android.apps.subscriptions.red,Google One,Kiki Bass-Goodman (Keicia),"Trying to find out how to not update yearly, just want monthly. I can not find out where to change it, or does it give you where it can be changed? I need my email and photos for work purposes. I don't know how to change the frequency of payment.",2,2026-03-31 10:42:33,negative,0.9996463060379028,50
com.google.android.apps.subscriptions.red,Google One,royalfabrication Works,this is very nice 👍,5,2026-03-31 08:33:01,positive,0.999854564666748,5
com.google.android.apps.subscriptions.red,Google One,Waleed Khan,this good working,5,2026-03-31 07:53:42,positive,0.9998670816421508,3
com.google.android.apps.subscriptions.red,Google One,Marie Farris,I don't know what's the purpose of paying for it when it doesn't do what it supposed to do waste of time and money,1,2026-03-31 07:30:55,negative,0.999723255634308,24
com.google.android.apps.subscriptions.red,Google One,Nazkakaet Ali,"Last Updated: August 10, 2022 Effective date: August 10, 2022",5,2026-03-31 06:30:01,positive,0.6370086669921875,10
com.google.android.apps.subscriptions.red,Google One,Update,Refused to give me a refund within 14 days of eligibility,1,2026-03-31 05:20:48,negative,0.998149275779724,11
com.google.android.apps.subscriptions.red,Google One,Tony Huckabee,love it,5,2026-03-31 02:53:13,positive,0.99987530708313,2
com.google.android.apps.subscriptions.red,Google One,Mark Clifford,It's a good app to to have for all phones and videos and TV.,5,2026-03-31 02:11:20,positive,0.9996101260185242,14
com.google.android.apps.subscriptions.red,Google One,MD JASHIM UDDIN RIDOY,nice,5,2026-03-30 22:50:04,positive,0.9998552799224854,1
com.google.android.apps.subscriptions.red,Google One,amedeo adinolfi,can improve,3,2026-03-30 21:30:17,positive,0.9995548129081726,2
com.google.android.apps.subscriptions.red,Google One,Raakesh Roshan,very helpfull,5,2026-03-30 18:58:35,positive,0.9993476271629332,2
com.google.android.apps.subscriptions.red,Google One,Hasnat Qureshi,I am excited to see you,5,2026-03-30 18:49:25,positive,0.9998540878295898,6
com.google.android.apps.subscriptions.red,Google One,Zabi Rajpoot,yas,5,2026-03-30 16:25:52,positive,0.8573847413063049,1
com.google.android.apps.subscriptions.red,Google One,MD SAIFUL,yes I'm happy,5,2026-03-30 15:16:47,positive,0.9998672008514404,3
com.google.android.apps.subscriptions.red,Google One,Nelu T,"I have subscribed to Google One within a promotion. It has included access to Gemini, Veo, Nano Banana and 2TB cloud storage. I didn't need the backup, becouse I have already 1TB on my phone, but it sound interesting Gemini and Veo( for video generating).Several times in different days I've been trying to generate a video, getting a rejection from the sistem, saying that the limit was reached, but it didn't do anything, not even one video. The limit is 3 video generating for one day. Unsuscribed",1,2026-03-30 14:48:19,negative,0.9853444695472716,87
com.google.android.apps.subscriptions.red,Google One,Anuwara Begum,good,3,2026-03-30 14:37:46,positive,0.999816119670868,1
com.google.android.apps.subscriptions.red,Google One,Barry Stimpson,good if I could figure out how to use it properly,5,2026-03-30 14:33:19,positive,0.9990838766098022,11
com.google.android.apps.subscriptions.red,Google One,Abdullahi Babandi marke,Alhamdulillah,5,2026-03-30 07:02:17,positive,0.8903402090072632,1
com.google.android.apps.subscriptions.red,Google One,payunsak Mosan,ok,5,2026-03-30 04:36:04,positive,0.9997851252555848,1
com.google.android.apps.subscriptions.red,Google One,Andres Galeno,uncertain to what this application should do if already have Gmail with enough storage then still have to add this.,2,2026-03-30 02:54:57,negative,0.9997604489326476,20
com.google.android.apps.subscriptions.red,Google One,Raj Pandey,i don't want this app,1,2026-03-30 01:50:08,negative,0.9993966817855836,5
com.google.android.apps.subscriptions.red,Google One,Fahad Kahloon,I love khobar,5,2026-03-30 00:45:19,positive,0.9997897744178772,3
com.google.android.apps.subscriptions.red,Google One,Errie Noviyandhika Antonius,"Suddenly, my account was suspended and accused of violating Google’s policies without any explanation of which specific content or posts were in violation, and it’s truly unfortunate that a company as large as Google doesn’t have customer service in my country",1,2026-03-29 23:53:15,negative,0.9997649788856506,41
com.google.android.apps.subscriptions.red,Google One,Cathy Bunn,I'm not very crazy about this app,3,2026-03-29 21:53:03,negative,0.9995051622390748,7
com.google.android.apps.subscriptions.red,Google One,Alex Munene,👌🏾,5,2026-03-29 21:31:42,negative,0.6970565915107727,1
com.google.android.apps.subscriptions.red,Google One,QUEEN CHILONGWA,perfect,5,2026-03-29 18:31:07,positive,0.9998517036437988,1
com.google.android.apps.subscriptions.red,Google One,Gopal Nama,Good Service,5,2026-03-29 17:34:34,positive,0.9998499155044556,2
com.google.android.apps.subscriptions.red,Google One,Ethel Jones,I do not like this and because it takes your money and do that's what it wants to do with it I bought some stores and didn't even use it and then your charges me again. and then it's saying I'm out of storage on all four of my devices I'm in school and I can't get emails the way I wanted to and it's been running slow from the beginning and then you're getting scammed with The the games that they have on Google Play.,1,2026-03-29 16:33:17,negative,0.9996119141578674,86
com.google.android.apps.subscriptions.red,Google One,Lilly-rose Harrison,it was bad,1,2026-03-29 14:09:40,negative,0.999790608882904,3
com.google.android.apps.subscriptions.red,Google One,Ganesh Dhareshwar,good.app,5,2026-03-29 13:39:36,positive,0.9998427629470824,1
com.google.android.apps.subscriptions.red,Google One,Amie Faillace,Not great so far because my cell still tells me I am out of storage.,1,2026-03-29 11:08:52,negative,0.9984978437423706,15
com.google.android.apps.subscriptions.red,Google One,Tyran Brett,great,5,2026-03-29 06:22:35,positive,0.9998630285263062,1
com.google.android.apps.subscriptions.red,Google One,Mickey Perry,good,5,2026-03-29 04:48:44,positive,0.999816119670868,1
com.google.android.apps.subscriptions.red,Google One,Raja Bilal,good excellent,5,2026-03-29 02:03:52,positive,0.9998513460159302,2
com.google.android.apps.subscriptions.red,Google One,NITZHEREN PATEÑO (Z.H),i accidentally purchase a subscription and requesting a refund. But to digging up deeply to why my request not approved. I fund out it unrefundable. Why do you mean by that I purchase it accidentally and I not regularly use this app. it is because is storage that not be unrefundable what a waste of money i need that money for my school fees and right now i don't know how to cover up my expenses. Is there any who help me out 😢😥,1,2026-03-28 19:13:02,negative,0.9981546998023988,84
com.google.android.apps.subscriptions.red,Google One,Mehedi Mon,Super,5,2026-03-28 15:13:45,positive,0.998783528804779,1
com.google.android.apps.subscriptions.red,Google One,Meenakshi Chauhan,Nice.,5,2026-03-28 14:37:23,positive,0.9998674392700196,1
com.google.android.apps.subscriptions.red,Google One,Trainer Paul,"I have been a supporter of Google for years, a developer too, sadly I have to say that the ability to see limits is none. Out of 3 slide decks only 1 worked, and with a subscription it says I hit a limit. You guys need to make some changes. Failed attempts are not my fault but must still count?",4,2026-03-28 12:57:12,negative,0.9991918206214904,60
com.google.android.apps.subscriptions.red,Google One,Darnell Higgins,JUST starting to learn,4,2026-03-28 12:26:53,positive,0.9930302500724792,4
com.google.android.apps.subscriptions.red,Google One,Stella Gordon,cancel my Google's one account now,1,2026-02-28 23:39:21,negative,0.9997377991676332,6
com.google.android.apps.subscriptions.red,Google One,Adeel Talib,NajmaTalib,5,2026-02-28 20:21:07,negative,0.8860199451446533,1
com.google.android.apps.subscriptions.red,Google One,Masiga Eduardo ll,nice,5,2026-02-28 19:02:02,positive,0.9998552799224854,1
com.google.android.apps.subscriptions.red,Google One,Nyi Kyaw,great,5,2026-02-28 18:47:07,positive,0.9998630285263062,1
com.google.android.apps.subscriptions.red,Google One,Babu S,good,5,2026-02-28 17:52:04,positive,0.999816119670868,1
com.google.android.apps.subscriptions.red,Google One,ariel “d0d0ng” tulaytay,nice,5,2026-02-28 17:20:31,positive,0.9998552799224854,1
com.google.android.apps.subscriptions.red,Google One,Nima Parandian,⭐⭐⭐⭐⭐,5,2026-02-28 16:47:42,negative,0.6970565915107727,1
com.google.android.apps.subscriptions.red,Google One,Paula Mcmichael,it's probably a great app but I don't think I need it,4,2026-02-28 15:21:21,negative,0.9786226153373718,12
com.google.android.apps.subscriptions.red,Google One,Aye Aye,public,5,2026-02-28 15:08:48,positive,0.9981051683425904,1
com.google.android.apps.subscriptions.red,Google One,Segun Kayode,I love it keep it more Advanced for New ages and old school I can partner with you if you don't mind 💪🫂🐯,5,2026-02-28 12:00:46,positive,0.9998551607131958,23
com.google.android.apps.subscriptions.red,Google One,Salim muslim Mu,nagat apps account send,5,2026-02-28 11:41:59,positive,0.936693787574768,4
com.google.android.apps.subscriptions.red,Google One,Misan Tamang,that's good,5,2026-02-28 11:06:23,positive,0.9998168349266052,2
com.google.android.apps.subscriptions.red,Google One,Steph Billionaire,virus linked to human trafficking,1,2026-02-28 07:39:24,negative,0.989063560962677,5
com.google.android.apps.subscriptions.red,Google One,Daniel Bryan,can't install google put a virus in my account,1,2026-02-28 06:06:18,negative,0.9987701773643494,9
com.google.android.apps.subscriptions.red,Google One,Lisa Sandoval,great app to have if you do a lot of your work online,5,2026-02-28 05:57:01,positive,0.9997981190681458,13
com.google.android.apps.subscriptions.red,Google One,Dewayne Higgins,when all else failed Google one came through,5,2026-02-28 05:25:06,negative,0.9995959401130676,8
com.google.android.apps.subscriptions.red,Google One,Yudhisthira Mahanta,Good Good,4,2026-02-28 04:12:13,positive,0.9998282194137572,2
com.google.android.apps.subscriptions.red,Google One,Bibi Aaisha Soudagar,I have made payment but have not received the storage,1,2026-02-28 01:49:11,negative,0.9875352382659912,10
com.google.android.apps.subscriptions.red,Google One,Mohamed Siyam,5star,5,2026-02-27 23:55:20,positive,0.9863659143447876,1
com.google.android.apps.subscriptions.red,Google One,Mattie Everett,It’s a definite I need more storage for my phone! But with Google 1 and all of the separate cost for apps!? These add up! I don’t understand how Google asks customers to add pics and reviews to their Google Maps…but can’t offer customers a discount to their other apps for doing so! All I get is points that accumulate that I can’t do anything with!? Why not give back to your customers who are constantly giving to you Google!?,1,2026-02-27 23:17:44,negative,0.9915661811828612,80
com.google.android.apps.subscriptions.red,Google One,Teklerufael Kebebe,use more than 10 yeares,1,2026-02-27 21:33:49,positive,0.6553324460983276,5
com.google.android.apps.subscriptions.red,Google One,Akash kumar Haldar,good,5,2026-02-27 19:19:03,positive,0.999816119670868,1
com.google.android.apps.subscriptions.red,Google One,Nistorescu Kevin,is good,5,2026-02-27 18:56:22,positive,0.9998394250869752,2
com.google.android.apps.subscriptions.red,Google One,Chandu Behera,good,5,2026-02-27 17:08:21,positive,0.999816119670868,1
com.google.android.apps.subscriptions.red,Google One,SHABAZ PASHA,thank,5,2026-02-27 12:48:30,positive,0.9998283386230468,1
com.google.android.apps.subscriptions.red,Google One,Chris P. Bacon,They won't let you downgrade i tried to downgrade and it will not allow me which is crazy.,1,2026-02-27 12:11:50,negative,0.993173897266388,18
com.google.android.apps.subscriptions.red,Google One,Fraz Rana,use shoeng result,5,2026-02-27 09:17:19,negative,0.9919441938400269,3
com.google.android.apps.subscriptions.red,Google One,Johnette Kerich,"I guess i ordered it last year, my bad sorry for bad review",5,2026-02-27 08:40:06,negative,0.9993467926979064,13
com.google.android.apps.subscriptions.red,Google One,Hashim Basheer,nice,5,2026-02-27 07:16:24,positive,0.9998552799224854,1
com.google.android.apps.subscriptions.red,Google One,Boby Islam,good,5,2026-02-27 05:53:42,positive,0.999816119670868,1
com.google.android.apps.subscriptions.red,Google One,Md Lokmanhossan,good betar app,4,2026-02-27 05:48:46,positive,0.999800145626068,3
com.google.android.apps.subscriptions.red,Google One,RAMESH K,good,5,2026-02-27 02:07:09,positive,0.999816119670868,1
com.google.android.apps.subscriptions.red,Google One,Susanta sutar,google flow new update is very bad frame to frame video no good,1,2026-02-27 01:37:58,negative,0.999797523021698,13
com.google.android.apps.subscriptions.red,Google One,Lahnray Kutelu,I was charged twice,1,2026-02-26 21:39:35,negative,0.6860061287879944,4
com.google.android.apps.subscriptions.red,Google One,Godwin Okezie,very good performance,5,2026-02-26 21:02:34,positive,0.9998663663864136,3
com.google.android.apps.subscriptions.red,Google One,Jay,Introduce One time purchase for Additional storage instead of monthly fees structure...Nowdays such monthly fees structure is not correct...,1,2026-02-26 20:05:39,negative,0.9995506405830384,19
com.google.android.apps.subscriptions.red,Google One,Ayan khawaja,it is very good 😊. it works perfect 👍,5,2026-02-26 17:58:09,positive,0.9998723268508912,9
com.google.android.apps.subscriptions.red,Google One,Patty Halstrad,cool,5,2026-02-26 17:35:06,positive,0.9998509883880616,1
com.google.android.apps.subscriptions.red,Google One,Kunwar Saigal,Dont want auto debit,1,2026-02-26 17:06:08,negative,0.9951356053352356,4
com.google.android.apps.subscriptions.red,Google One,Krishna Nayak,best,5,2026-02-26 12:52:41,positive,0.9997941851615906,1
com.google.android.apps.subscriptions.red,Google One,Ibrahim Mew,acha hai,5,2026-02-26 12:23:26,positive,0.9864479303359984,2
com.google.android.apps.subscriptions.red,Google One,Asif Raza,nice need more experience,2,2026-02-26 07:26:03,positive,0.9880958795547484,4
com.google.android.apps.subscriptions.red,Google One,Sayar Taw Thar Nge,good,5,2026-02-26 07:16:33,positive,0.999816119670868,1
com.google.android.apps.subscriptions.red,Google One,Dakota Tate,Didn't ask Didn't want Stop flooding my phone with your useless apps,1,2026-02-26 06:36:57,negative,0.9980663657188416,12
com.google.android.apps.subscriptions.red,Google One,Sobuj Khan (Sobuj),give me 100 GB,5,2026-02-26 05:44:38,positive,0.9861787557601928,4
com.google.android.apps.subscriptions.red,Google One,eliezer montanez,good,5,2026-02-26 03:58:07,positive,0.999816119670868,1
com.google.android.apps.subscriptions.red,Google One,Peter,Cheat me - never sent me any notification and now charge me $28.99.,1,2026-02-26 00:25:07,negative,0.99644535779953,13
com.google.android.apps.subscriptions.red,Google One,Emna Zavala,good,5,2026-02-25 23:05:38,positive,0.999816119670868,1
com.google.android.apps.subscriptions.red,Google One,Abhiansh Singh,High subscription price,1,2026-02-25 21:24:57,positive,0.9946869611740112,3
com.google.android.apps.subscriptions.red,Google One,M. B.,I just love it cuz it gives me more storage I'm always saying things no matter what pictures you name it.,5,2026-02-25 18:57:59,positive,0.9996529817581176,21
com.google.android.apps.subscriptions.red,Google One,Shailesh Dabhani,good,5,2026-01-31 23:30:01,positive,0.999816119670868,1
com.google.android.apps.subscriptions.red,Google One,Paplo Escobar,good,1,2026-01-31 23:09:50,positive,0.999816119670868,1
com.google.android.apps.subscriptions.red,Google One,Harmeet Singh,Had an issue with an accidental subscription charge for Google One Ai subscription and Google support was incredibly helpful in issuing a refund in 24 hours after applying for refund on Google Play. Excellent customer service!,5,2026-01-31 22:06:33,positive,0.9973108768463136,36
com.google.android.apps.subscriptions.red,Google One,Ron Zuber,"You have to pay for customer support from Google. Google One is how you get that support. Unfortunately their support teams do not have the capabilities to do much 'support', and a lot of them will not bother to read your support requests. If you're buying Google One for the customer support, don't get your hopes up. Google support absolutely sucks! 😒",1,2026-01-31 21:18:08,negative,0.9983611702919006,62
com.google.android.apps.subscriptions.red,Google One,Karen Ricco,Google suddenly backs up my app information and now takes up way too much storage space. I don't want this.,1,2026-01-31 19:11:02,negative,0.9997530579566956,20
com.google.android.apps.subscriptions.red,Google One,Vasu Upadhyay,dis is all in one app,5,2026-01-31 18:55:44,negative,0.998936116695404,6
com.google.android.apps.subscriptions.red,Google One,Jim 2,I can't trust A I .,1,2026-01-31 16:23:23,negative,0.9996551275253296,6
com.google.android.apps.subscriptions.red,Google One,Francois Ranauld,The added storage fits my current needs. Thank you Google.,5,2026-01-31 14:51:50,positive,0.9995551705360411,10
com.google.android.apps.subscriptions.red,Google One,مهدی پاریاب,🌹👌🙏🏾,5,2026-01-31 14:20:22,negative,0.6970565915107727,1
com.google.android.apps.subscriptions.red,Google One,PCH AWARD PACKAGE,good,5,2026-01-31 13:25:22,positive,0.999816119670868,1
com.google.android.apps.subscriptions.red,Google One,Linda Ingraham,I only requested 100 GB and you sold me 200 which I did not ask for. I am very disappointed,1,2026-01-31 12:58:06,negative,0.9986029267311096,20
com.google.android.apps.subscriptions.red,Google One,Diffon Calungsod,Why did my One Year Free Student plan ended? It's supposed to be one year (October 2026),1,2026-01-31 11:27:39,negative,0.9992132186889648,17
com.google.android.apps.subscriptions.red,Google One,Williams Sarah,Very good app,5,2026-01-31 10:56:15,positive,0.9998675584793092,3
com.google.android.apps.subscriptions.red,Google One,Gandhi Khaneda,nice,5,2026-01-31 07:31:32,positive,0.9998552799224854,1
com.google.android.apps.subscriptions.red,Google One,Satish Khanam,nice,5,2026-01-31 06:00:33,positive,0.9998552799224854,1
com.google.android.apps.subscriptions.red,Google One,Aasha,I was not see this app so ican not used it,1,2026-01-31 05:01:04,negative,0.987692654132843,11
com.google.android.apps.subscriptions.red,Google One,DORIS B,all okay now thanks 👍🤗 still going good 🆙,5,2026-01-30 23:22:58,positive,0.9998000264167786,9
com.google.android.apps.subscriptions.red,Google One,David Zubia,wow wow,4,2026-01-30 22:03:10,positive,0.9996546506881714,2
com.google.android.apps.subscriptions.red,Google One,Accurate Services,does nothing,1,2026-01-30 20:40:24,negative,0.9988797307014464,2
com.google.android.apps.subscriptions.red,Google One,Vishnu Rathod,good work,5,2026-01-30 20:13:37,positive,0.999841332435608,2
com.google.android.apps.subscriptions.red,Google One,Ravi Bailakkanavar,good,5,2026-01-30 18:35:26,positive,0.999816119670868,1
com.google.android.apps.subscriptions.red,Google One,Kudakwashe Mutsinze,poor services,1,2026-01-30 16:15:18,negative,0.9996529817581176,2
com.google.android.apps.subscriptions.red,Google One,Mayank,Best in the game⭐⭐⭐⭐⭐,5,2026-01-30 14:26:32,positive,0.9996961355209352,4
com.google.android.apps.subscriptions.red,Google One,waina waina,Fine,5,2026-01-30 11:01:59,positive,0.9998335838317872,1
com.google.android.apps.subscriptions.red,Google One,Sarra Gamal,cannot pay for the extra storage ... very bad service and account suspended...,1,2026-01-30 10:50:49,negative,0.9994463324546814,13
com.google.android.apps.subscriptions.red,Google One,John,good 👍,3,2026-01-30 09:31:53,positive,0.9998576641082764,2
com.google.android.apps.subscriptions.red,Google One,Gerald Burrow,pretty cool,5,2026-01-30 08:23:31,positive,0.9998672008514404,2
com.google.android.apps.subscriptions.red,Google One,JOSHUA WILLSON,I trust any App that Google has any Affiliation with. Google is a trusted name amongst the population of the Nation and the Planet.,4,2026-01-30 08:16:59,positive,0.9981452226638794,24
com.google.android.apps.subscriptions.red,Google One,Privacy Truth,no free trial are available for 1 months 1950 plan of gemini,1,2026-01-30 05:41:40,negative,0.9942587614059448,12
com.google.android.apps.subscriptions.red,Google One,Ramaseshagiri Rao Yadlapalli,too much disturbing,1,2026-01-30 03:17:28,negative,0.9993993043899536,3
com.google.android.apps.subscriptions.red,Google One,Aung Toe,ok,5,2026-01-30 00:04:12,positive,0.9997851252555848,1
com.google.android.apps.subscriptions.red,Google One,Sylvenis Malken,updated,5,2026-01-29 23:46:06,positive,0.9995930790901184,1
com.google.android.apps.subscriptions.red,Google One,Paul McGIll,Great App.,5,2026-01-29 22:17:54,positive,0.9998407363891602,2
com.google.android.apps.subscriptions.red,Google One,Thomas Delaney,googgi-gold to the maximum,5,2026-01-29 20:29:23,positive,0.999415397644043,4
com.google.android.apps.subscriptions.red,Google One,FRANCIS MURUGA,Why was a deduction of kes 5200 deducted while my subscription is kes 250,1,2026-01-29 19:07:36,negative,0.997393012046814,14
com.google.android.apps.subscriptions.red,Google One,Ko Pyae (KO PYAE PRO GYI),Real Life,5,2026-01-29 18:24:11,positive,0.99985933303833,2
com.google.android.apps.subscriptions.red,Google One,Мария Райкова,what is this? BUT I love this app and the style ✅️✅️✅️✅️ 5★,5,2026-01-29 18:15:57,positive,0.9992212057113647,13
com.google.android.apps.subscriptions.red,Google One,Rajeshwar Prasad,.good,5,2026-01-29 18:01:21,positive,0.9998226761817932,1
com.google.android.apps.subscriptions.red,Google One,Clevelen Thomas Lewis,love 💕 app so much also thanks 👍😊 for all that y'all do,5,2026-01-29 17:35:47,positive,0.9997090697288512,13
com.google.android.apps.subscriptions.red,Google One,MD:JOHIRUL ISLAM,Nice,5,2026-01-29 15:37:03,positive,0.9998552799224854,1
com.google.android.apps.subscriptions.red,Google One,Imran Gujjar,very nice,5,2026-01-29 14:49:00,positive,0.9998563528060912,2
com.google.android.apps.subscriptions.red,Google One,Denise Gregory,I love goigle one,5,2026-01-29 14:30:43,positive,0.9986487030982972,4
com.google.android.apps.subscriptions.red,Google One,Edmond Nolan,It Is Great.,5,2026-01-29 14:09:21,positive,0.9998825788497924,3
com.google.android.apps.subscriptions.red,Google One,Katrina Lewis,I love that it helps store and manage my space for Google photos and other connected platforms,5,2026-01-29 13:19:22,positive,0.9996856451034546,17
com.google.android.apps.subscriptions.red,Google One,HASNAIN “Hasnain Spartan” AMBILKAR,good aap,5,2026-01-29 11:36:47,positive,0.999842405319214,2
com.google.android.apps.subscriptions.red,Google One,Deric Cribbs (Gingerbread Man),every month about a week before I get paid it tries to hit every single card in my wallet for it's change. I've changed the billing date twice. it's like the AI would rather bug me for money than actually get paid. this will be my last month,3,2026-01-29 10:55:43,negative,0.9993802309036256,48
com.google.android.apps.subscriptions.red,Google One,Amr Sami,good app,5,2026-01-29 10:11:49,positive,0.9998493194580078,2
com.google.android.apps.subscriptions.red,Google One,Raidenjude Canoy,nice app 👍👍👍👍👍👍,5,2026-01-29 09:39:12,positive,0.9996724128723145,3
com.google.android.apps.subscriptions.red,Google One,Regena Keene,needs more explaining,1,2026-01-29 08:45:31,negative,0.9986876845359802,3
com.google.android.apps.subscriptions.red,Google One,1 “‪GODDESS‬” 2,I've been doing this for years paying you money for storage Where's my backup for my apps I've lost all my data some reason a widget disappeared everything's gone,2,2026-01-29 07:51:55,negative,0.9997875094413756,29
com.google.android.apps.subscriptions.red,Google One,Venkatesh N,i am not able to make the payment for google AI. it is very confusing.. i am getting country error even after setting to india,4,2025-12-31 22:35:39,negative,0.9997760653495787,25
com.google.android.apps.subscriptions.red,Google One,Sage,nothing works. might delete it. Id post in help but popup box doesnt respond,1,2025-12-31 20:33:28,negative,0.999751627445221,14
com.google.android.apps.subscriptions.red,Google One,Alfreda Whittier,a bit confusing,4,2025-12-31 20:12:30,negative,0.9992527365684508,3
com.google.android.apps.subscriptions.red,Google One,Trisha Schwartz,hate it . please delete it,1,2025-12-31 15:50:18,negative,0.9997058510780334,6
com.google.android.apps.subscriptions.red,Google One,yeagerist,"Multiple Payment Failure {To be Precise 5times} i saw an offer on Google's Nano Banana Pro for $o/mo free trial so thought to give it a try. In giving it a try I ended up subscribing it 5 times and ended up paying 2rs per transaction and settled with 5 Autopays to be set up. Did it 4 times using phone and one with mobile each time after successful payment using UPI QR, it shows a screen with some error. please try again. fix it or don't false advertise and scam in pretense of free trial. don't!",1,2025-12-31 14:41:25,negative,0.9990506768226624,97
com.google.android.apps.subscriptions.red,Google One,Dawn Harris,do not use the app,1,2025-12-31 14:08:53,negative,0.9973089694976808,5
com.google.android.apps.subscriptions.red,Google One,Anthony Pena velone,I'm 77yrs old I'm trying to act a little younger to keep up with my grandkids by showing them how many apps I have. but I really don't have the money. fixed income is hard sometimes. but is just so damn frustrating trying to save my grandkids pictures and when I think I do save them I can never find them I'm so confused,1,2025-12-31 11:38:48,negative,0.9991700649261476,64
com.google.android.apps.subscriptions.red,Google One,Abid Ali,perfect,5,2025-12-31 11:16:31,positive,0.9998517036437988,1
com.google.android.apps.subscriptions.red,Google One,Nikki,"don't. manage your storage manually, don't use gmail, & discontinue use of as many Google services as you can. there is no legitimate technical reason for my data to be unavailable to me unless i download each photo or file one by one. once Google has the data on the cloud they literally hold it hostage with tedious & tiresome processes that ultimately fail. Google has the largest customer base with no access to customer service for a reason. manipulation using false conveniences & lies",1,2025-12-31 10:42:10,negative,0.9997984766960144,85
com.google.android.apps.subscriptions.red,Google One,Kena Mease,I have not got emails for 8 days because my 15GB of storage is at 15.59GB even after deleting all they suggested and 150000 emails without the storage count dropping but when offered more storage for the 30th time I was offered AI Google pro free for 1 year with 2TB storage if I verified through sheer my students status st ctu so I did and confirmed I wanted to sign up just to be told this offer is not available for you any longer. Not happy and can't seem to get help.,1,2025-12-31 10:26:52,negative,0.9993614554405212,93
com.google.android.apps.subscriptions.red,Google One,Paulette Schuerch,Google always charges my card without confirmation. I receive charges a lot,1,2025-12-31 09:58:25,negative,0.8627066016197205,12
com.google.android.apps.subscriptions.red,Google One,Anita Gutierrez,always run out of storage even when purchased more. scam,1,2025-12-31 09:54:27,negative,0.9997567534446716,10
com.google.android.apps.subscriptions.red,Google One,Mahar Ahmad,Good,5,2025-12-31 09:15:30,positive,0.999816119670868,1
com.google.android.apps.subscriptions.red,Google One,M. Arif Md arif,ok,5,2025-12-31 06:26:56,positive,0.9997851252555848,1
com.google.android.apps.subscriptions.red,Google One,KIMMI SUE THOMAS,I want to say thank you,5,2025-12-31 06:12:51,positive,0.9998131394386292,6
com.google.android.apps.subscriptions.red,Google One,Erwin Frankfort,You guys are very knowledgeable,5,2025-12-31 05:44:59,positive,0.9998251795768738,5
com.google.android.apps.subscriptions.red,Google One,Savannah Beadles-Smith,good,4,2025-12-31 05:21:16,positive,0.999816119670868,1
com.google.android.apps.subscriptions.red,Google One,Muhammad Atif,Good,5,2025-12-31 02:20:13,positive,0.999816119670868,1
com.google.android.apps.subscriptions.red,Google One,Deepu Kaumar,ok,5,2025-12-31 00:25:17,positive,0.9997851252555848,1
com.google.android.apps.subscriptions.red,Google One,Herlan Momen (Momen),keren banget ya guysss,5,2025-12-30 22:37:58,negative,0.946488916873932,4
com.google.android.apps.subscriptions.red,Google One,Mpai Maomela,how do i access my backed up stuff on Google one,4,2025-12-30 18:12:10,negative,0.9972473978996276,11
com.google.android.apps.subscriptions.red,Google One,Courtney T. Adams,I'm about to get rid of my insomnia and anxiety! Soooooo appreciative! Thank you!,5,2025-12-30 17:15:57,positive,0.9997233748435974,14
com.google.android.apps.subscriptions.red,Google One,Republic,"My Google Trash Can, where for art thou Google Trash Can? lol.",3,2025-12-30 14:09:30,negative,0.9979079961776732,12
com.google.android.apps.subscriptions.red,Google One,Lukasz Marzec,good,4,2025-12-30 12:02:20,positive,0.999816119670868,1
com.google.android.apps.subscriptions.red,Google One,Jason James,design graphic change,5,2025-12-30 10:55:45,positive,0.9976396560668944,3
com.google.android.apps.subscriptions.red,Google One,Sharon Mary Ivanov McPhee,Excellent programs!,5,2025-12-30 10:27:03,positive,0.9998749494552612,2
com.google.android.apps.subscriptions.red,Google One,Dave Cartwright,"My pixel 10 Pro is supposed to come with a year trial of AI pro, but as an existing Google One member, apparently, I don't get that perk. I can't find any way to activate it, at least. Clicking on the start trial button they sent me just brings me to this app page.",3,2025-12-30 07:21:24,negative,0.9905683398246764,54
com.google.android.apps.subscriptions.red,Google One,Shibe Mondal,Nice,5,2025-12-30 07:11:47,positive,0.9998552799224854,1
com.google.android.apps.subscriptions.red,Google One,Daniel Goleš (AFRIKA),"Don't use it, don't want it, didn't installed it, cannot remove it...",1,2025-12-30 06:14:32,negative,0.9945384860038756,12
com.google.android.apps.subscriptions.red,Google One,Caleb Bingham,Helps me keep my photos and ideas in order,5,2025-12-30 04:38:09,positive,0.99787700176239,9
com.google.android.apps.subscriptions.red,Google One,Bhai R s,good,5,2025-12-30 03:27:26,positive,0.999816119670868,1
com.google.android.apps.subscriptions.red,Google One,MaiGaiSparten,great app and company but the benefits of using a pixel phone was the free storage and now that I have a newer version I have to pay a crazy amount to keep my same storage plan just not worth it.,1,2025-12-29 23:45:45,negative,0.9995875954627992,41
com.google.android.apps.subscriptions.red,Google One,Terry Hendrix,I do not use it,3,2025-12-29 23:24:21,negative,0.9974982142448424,5
com.google.android.apps.subscriptions.red,Google One,Cormac K,don't continue to pay. Google gives promotions to new users and locks out existing customers better to not renew and cancel as quickly as possible. loyalty is obviously something they do not care about,2,2025-12-29 21:50:12,negative,0.996510922908783,34
com.google.android.apps.subscriptions.red,Google One,Marron HI Philander,"too many Google apps on my phone doing more or less or practically the same thing... I'll give each one star maybe if they all come together they'll have the 15 stars they deserve.. but , 🙌🏾👌🏾💯❤️🔥 well done with Gemini... but you totally gave me a solution but I still need to do it myself... just maybe tweek jis tone.. . but well done.. best AI experience by far ... just maybe allow him constraint execution function..it might be too powerful to let loose but he's annoying at times 😂",5,2025-12-29 18:08:58,positive,0.9569666385650636,91
com.google.android.apps.subscriptions.red,Google One,Aafaq-ul-Hassan “Moon” Moon,nice,5,2025-12-29 15:38:33,positive,0.9998552799224854,1
com.google.android.apps.subscriptions.red,Google One,Marilyn Mills,great,5,2025-12-29 14:05:59,positive,0.9998630285263062,1
com.google.android.apps.subscriptions.red,Google One,Connie Proctor,loved it very computer friendly. Thank you.,5,2025-12-29 13:26:02,positive,0.9998778104782104,7
com.google.android.apps.subscriptions.red,Google One,Jhoie Villareal,Worst my susbscription will end on 12/30 but you already charge my account for the renewal last 12/28. Why do I have to pay for a storage that I am not using yet?,1,2025-12-29 13:20:54,negative,0.9972512125968932,33
com.google.android.apps.subscriptions.red,Google One,Prince Habib,nice,5,2025-12-29 08:57:32,positive,0.9998552799224854,1
com.google.android.apps.subscriptions.red,Google One,Adebukonla Onanuga,"They created the billing for ""Trust avoidance"" Ade avoid extra or one times",5,2025-12-29 07:56:11,negative,0.9947174191474916,13
com.google.android.apps.subscriptions.red,Google One,Rachel Andrews,they worked with me on paying for the app tools💯,5,2025-12-29 06:37:06,negative,0.9802205562591552,10
com.google.android.apps.subscriptions.red,Google One,Nucleus Rhyme,another spam app one cannot remove,1,2025-12-29 05:30:46,negative,0.9924962520599364,6
com.google.android.apps.subscriptions.red,Google One,Anne Conway,"horrible customer service or support. You cannot talk to any one to understsand what you are charging us for and all of a sudden your charging me for 365 and 4 apps that I do not want. I wrote and ask it to stop and now you did it again. It feels like a scam as you do not explain or have phone support to elderly, handicapped or just the reguar user . Who supervisors the videos or the explainations they are not clear to the none google personnel and probably to many google personnel. Refund",1,2025-12-29 05:18:21,negative,0.9997542500495912,96
com.google.android.apps.subscriptions.red,Google One,Ripon Madbor (আবু-ওবায়দা),good,5,2025-12-29 05:16:41,positive,0.999816119670868,1
com.google.android.apps.subscriptions.red,Google One,Dennis Mitchell,good 😊,5,2025-12-29 04:19:34,positive,0.9998576641082764,2
com.google.android.apps.subscriptions.red,Google One,Mousumi Singha,GREAT,5,2025-12-29 02:40:17,positive,0.9998630285263062,1
com.google.android.apps.subscriptions.red,Google One,Manifesting Justice,this app is trying to take money everyday. Just to use my email. I want a refund and cancel is out. how do I cancel Google 1 from taking my money any more.,1,2025-12-29 02:23:22,negative,0.9997408986091614,33
com.google.android.apps.subscriptions.red,Google One,Yunusa Abdulhamid,Good,5,2025-12-29 01:33:59,positive,0.999816119670868,1
com.google.android.apps.subscriptions.red,Google One,Pankaj Kumar,good experience,5,2025-12-28 23:51:40,positive,0.9998599290847778,2
com.google.android.apps.subscriptions.red,Google One,Benedict Onyebuchi,smart 🫢,5,2025-11-30 23:58:54,positive,0.9998408555984496,2
com.google.android.apps.subscriptions.red,Google One,A Google user,amazing,5,2025-11-30 22:45:33,positive,0.999875545501709,1
com.google.android.apps.subscriptions.red,Google One,Spencer Stewart,very good,5,2025-11-30 20:24:25,positive,0.9998520612716676,2
com.google.android.apps.subscriptions.red,Google One,Abbas khan,not bad.,4,2025-11-30 18:42:04,positive,0.9994944334030152,2
com.google.android.apps.subscriptions.red,Google One,ebi X&X,excellent,5,2025-11-30 15:51:23,positive,0.9998434782028198,1
com.google.android.apps.subscriptions.red,Google One,Adedipe Anu,very good,1,2025-11-30 14:48:10,positive,0.9998520612716676,2
com.google.android.apps.subscriptions.red,Google One,รักนะ รักนะ,good,5,2025-11-30 14:07:52,positive,0.999816119670868,1
com.google.android.apps.subscriptions.red,Google One,Dif Dod,"No stars. Installed itself without permission, cannot be removed. it's my phone, not Google's. Re your reply, I disabled it but it re-enabled itself. Make your app removable from my phone. Less than 1*",1,2025-11-30 10:03:22,negative,0.9990643858909608,34
com.google.android.apps.subscriptions.red,Google One,Ahmed Prince,amazing,5,2025-11-30 08:29:27,positive,0.999875545501709,1
com.google.android.apps.subscriptions.red,Google One,Bibi azeema Ally,Excellent,5,2025-11-30 07:19:49,positive,0.9998434782028198,1
com.google.android.apps.subscriptions.red,Google One,dwayne Weaver,a easy and smart way to backup my data if I decide to reset phone and restore data on device,5,2025-11-30 03:34:38,negative,0.7981905937194824,20
com.google.android.apps.subscriptions.red,Google One,Nathan Jones,"Constantly barraging me with notifications (which are turned off) to buy more storage. That seems to be the only purpose of this app asides from managing Google subscriptions, which you should already be able to do from the play store.",1,2025-11-30 03:09:34,negative,0.9992664456367492,40
com.google.android.apps.subscriptions.red,Google One,Zorigt Ulziijargal,please make it available in mongolia,1,2025-11-30 02:51:00,positive,0.9992456436157228,6
com.google.android.apps.subscriptions.red,Google One,Eduardo Ybarra,no live person to speak to,1,2025-11-30 01:56:07,negative,0.999321699142456,6
com.google.android.apps.subscriptions.red,Google One,Dinesh Pawar,good,4,2025-11-30 01:33:35,positive,0.999816119670868,1
com.google.android.apps.subscriptions.red,Google One,Edwin-Lewis Cofield,Google is great 👍.,5,2025-11-29 19:45:14,positive,0.9992235898971558,4
com.google.android.apps.subscriptions.red,Google One,Maureen Koksal,All good,5,2025-11-29 19:38:29,positive,0.9998400211334229,2
com.google.android.apps.subscriptions.red,Google One,SIVA RAMA KRISHNA Velpuri,Good space available,5,2025-11-29 17:16:04,positive,0.9998762607574464,3
com.google.android.apps.subscriptions.red,Google One,Vijaykumar Kumar,nice 👍,5,2025-11-29 15:49:36,positive,0.999842405319214,2
com.google.android.apps.subscriptions.red,Google One,imran Sultan,nice,5,2025-11-29 14:07:54,positive,0.9998552799224854,1
com.google.android.apps.subscriptions.red,Google One,Nawid Noori,This is really the best app ever used,5,2025-11-29 11:23:12,positive,0.999826729297638,8
com.google.android.apps.subscriptions.red,Google One,JAYAKUMAR K,"I have installed ""Google one"" storages for my own mobiles galaxy A22 and I shall install my other mobiles galaxy (S23+, Zfold6, M13 & A13). t Thanks for Google respected team to give storages facilities . Easily pay Google 1 month premium so accept Google one app.",5,2025-11-29 07:11:24,negative,0.8186078071594238,47
com.google.android.apps.subscriptions.red,Google One,Ruth Alice Garcia,awesome discounts. so cheap....🤣,5,2025-11-29 06:50:34,negative,0.6796898245811462,4
com.google.android.apps.subscriptions.red,Google One,Hein Htet Aung,i like google one,5,2025-11-29 03:01:20,positive,0.993688941001892,4
com.google.android.apps.subscriptions.red,Google One,Mern I,"in reply - I did email and never heard back, I tried another email and was told it doesn't exist anymore.. I'll try calling the number today but this is ridiculous. I can't figure out how to contact you people but you jumped your charge from $3 every month to $10 every month without my knowledge.. I did not change or update my subscription. now I can't figure out how to contact you without canceling my subscription completely. what is this?!?",1,2025-11-29 00:42:47,negative,0.9989616870880128,81
com.google.android.apps.subscriptions.red,Google One,Brian R.,"The family structure of this service and the ability to share data but no way at all to share the added AI benefits, while also making it difficult for a group member to purchase their own plan is disappointing.",2,2025-11-28 23:51:56,negative,0.9997010231018066,39
com.google.android.apps.subscriptions.red,Google One,Greg Hart,"Google 1 backup keeps telling me to turn wifi on, refusing to backup since I got a new phone. I don't have wifi",1,2025-11-28 23:15:45,negative,0.9976977705955504,23
com.google.android.apps.subscriptions.red,Google One,Md Shamim,good service,5,2025-11-28 22:46:44,positive,0.9998499155044556,2
com.google.android.apps.subscriptions.red,Google One,Palak Banerjee,wow,5,2025-11-28 22:00:01,positive,0.999592125415802,1
com.google.android.apps.subscriptions.red,Google One,Ch Khalid Mahmood. Ch Khalid Mahmood Maitla. (M Usman khak),very good Google Apps,5,2025-11-28 20:39:47,positive,0.9998540878295898,4
com.google.android.apps.subscriptions.red,Google One,Violet Rose Molly Starr-Goforth,awwwwsome,5,2025-11-28 20:21:05,negative,0.991582214832306,1
com.google.android.apps.subscriptions.red,Google One,Abdo Badawy,جيدا جدا,5,2025-11-28 19:45:40,negative,0.7072656750679016,2
com.google.android.apps.subscriptions.red,Google One,Niraj Bhatt,"feature suggestions: 1 - add plans between 200GB and 2TB. 2 - allow us to reserve storage for different services e.g. gmail, drive, photos etc.",3,2025-11-28 18:13:17,negative,0.997019350528717,25
com.google.android.apps.subscriptions.red,Google One,jahan zaib,good,5,2025-11-28 17:48:47,positive,0.999816119670868,1
com.google.android.apps.subscriptions.red,Google One,Deborah McCullough,someone has hacked my phone an trying to put this on my phone. I don't want it,1,2025-11-28 16:30:41,negative,0.99970680475235,17
com.google.android.apps.subscriptions.red,Google One,Saish Kerkar,staff is vry humble & helpful....,5,2025-11-28 16:09:18,positive,0.9993152618408204,6
com.google.android.apps.subscriptions.red,Google One,Dream,I don't see the point! So I backup all my videos to Google one and delete them off my device. Google one then deletes all the videos so what's the point?,1,2025-11-28 15:36:47,negative,0.999606430530548,31
com.google.android.apps.subscriptions.red,Google One,Mdibrahim Khan,awesome,5,2025-11-28 11:06:58,positive,0.9998682737350464,1
com.google.android.apps.subscriptions.red,Google One,Theresa Aten,says a different payment date than when I actually get charged. it charges me a couple days before it says it will.,1,2025-11-28 09:54:11,negative,0.9986783862113952,22
com.google.android.apps.subscriptions.red,Google One,Terrie Berger,We love it.,5,2025-11-28 07:53:27,positive,0.9998794794082642,3
com.google.android.apps.subscriptions.red,Google One,Enteryour Name,like,5,2025-11-28 07:32:22,positive,0.9910564422607422,1
com.google.android.apps.subscriptions.red,Google One,Raphi D,"Useless garbage. Integration in Android Studio is horrible, it does not know the studios settings, hallucinates all the time and adds code that does not work, references packages which don't exists. Going back to claude.",1,2025-11-28 06:28:25,negative,0.9996578693389891,35
com.google.android.apps.subscriptions.red,Google One,Thegadz,good,5,2025-11-28 05:18:12,positive,0.999816119670868,1
com.google.android.apps.subscriptions.red,Google One,সোহেল খাঁন আবির,nice,5,2025-11-28 04:10:57,positive,0.9998552799224854,1
com.google.android.apps.subscriptions.red,Google One,Nadeem Jutt,nice,4,2025-11-28 03:48:36,positive,0.9998552799224854,1
com.google.android.apps.subscriptions.red,Google One,Rakesh Betgeri,nice,5,2025-11-28 01:28:33,positive,0.9998552799224854,1
com.google.android.apps.subscriptions.red,Google One,Talila,useless app..,1,2025-11-27 22:55:48,negative,0.9998027682304382,2
com.google.android.apps.subscriptions.red,Google One,Delour Hossain,ok,5,2025-11-27 22:23:43,positive,0.9997851252555848,1
com.google.android.apps.subscriptions.red,Google One,Jonatan Zahav,"I signed up for the service, and I have been paying every month, but apparently it is not applied to my main email account and there is no one to talk to and no way to communicate with you. Please contact me.",1,2025-11-27 18:36:35,negative,0.9995729327201844,42
com.google.android.apps.subscriptions.red,Google One,Jay Toovey,reliable and productive,4,2025-11-27 17:25:00,positive,0.9998670816421508,3
com.google.android.apps.subscriptions.red,Google One,Nina Long,I hate paying for Google one,2,2025-10-31 22:09:05,negative,0.9979423880577089,6
com.google.android.apps.subscriptions.red,Google One,Si Thu Phyo,like,5,2025-10-31 19:55:57,positive,0.9910564422607422,1
com.google.android.apps.subscriptions.red,Google One,Faruk Umar,🥰,5,2025-10-31 15:41:03,negative,0.6970565915107727,1
com.google.android.apps.subscriptions.red,Google One,SUNDAY AKPAN,I give this app start,4,2025-10-31 14:07:20,positive,0.9786416292190552,5
com.google.android.apps.subscriptions.red,Google One,ramon,Hola HOLA ; gracias solo puedo decir gracias,3,2025-10-31 11:23:28,negative,0.9742593765258788,8
com.google.android.apps.subscriptions.red,Google One,Diane Bohn,"it has some issues but I am learning how it works when it is working I love it, but sometimes it gets stuck",4,2025-10-31 08:08:13,negative,0.7914745211601257,23
com.google.android.apps.subscriptions.red,Google One,Azir Abdul Aziz,Awesome,5,2025-10-31 07:07:26,positive,0.9998682737350464,1
com.google.android.apps.subscriptions.red,Google One,Edwin Benjamin,"honestly this app is great, but it's really stressful that Gemini can't generate images in a 9:16 ratio. how can a feature that is so important not available. I will come back and give it a 5 star when it's available",3,2025-10-31 05:41:41,positive,0.912110149860382,41
com.google.android.apps.subscriptions.red,Google One,Wilmor Abacial,Nice,5,2025-10-31 04:57:08,positive,0.9998552799224854,1
com.google.android.apps.subscriptions.red,Google One,Ernies Roofing Siding Gutter of Denver,need to remove,1,2025-10-31 03:02:22,negative,0.968681573867798,3
com.google.android.apps.subscriptions.red,Google One,John Jones,Pure awesomeness,5,2025-10-31 02:34:42,positive,0.9998760223388672,2
com.google.android.apps.subscriptions.red,Google One,Muthukumar Iyyanpillai,service good,5,2025-10-31 02:24:16,positive,0.9998273849487304,2
com.google.android.apps.subscriptions.red,Google One,Pattmike Arboleda,Loved it,5,2025-10-30 22:46:04,positive,0.9998797178268432,2
com.google.android.apps.subscriptions.red,Google One,Omicron XiSav,Not a real backup! this product is a bucket where your data goes not a real backup. if you use it your data is all clumped together and you will have no organization of your data as it was on the phone. fine as a disaster catch but not for a backup,1,2025-10-30 22:24:58,negative,0.9997618794441224,52
com.google.android.apps.subscriptions.red,Google One,Altaf ahmad Nabizada,nice,5,2025-10-30 19:14:27,positive,0.9998552799224854,1
com.google.android.apps.subscriptions.red,Google One,Joanna Warren,irritating makes me very upset that I paid for Google one and storage and since I have a new phone cannot log in to my gmail that they took over and stopped all my emails from receiving and sending that I had for over 12 yrs with very important documents that I cannot get to including photos .They want me to pay monthly to be able to keep all my photos that I had for over 40 yrs put away . it's not fair to do that to people I feel threatened by them if I don't pay I won't have access anymore,1,2025-10-30 16:18:23,negative,0.999529242515564,103
com.google.android.apps.subscriptions.red,Google One,Deepak Thadani,Excellent good,5,2025-10-30 15:07:59,positive,0.9998490810394288,2
com.google.android.apps.subscriptions.red,Google One,Sai Kaung Myat Thant,very good 💯,5,2025-10-30 15:07:20,positive,0.999870777130127,3
com.google.android.apps.subscriptions.red,Google One,Ron Jones,Awesome,5,2025-10-30 14:53:41,positive,0.9998682737350464,1
com.google.android.apps.subscriptions.red,Google One,Orion Golightly,I tried to delete it to de-bloat my phone but it stayed on my phone like a little annoying parasite,1,2025-10-30 14:51:55,negative,0.9995744824409484,20
com.google.android.apps.subscriptions.red,Google One,EARL FRANCIS MADRAZO,google refund may request 1100,5,2025-10-30 14:20:35,negative,0.971024751663208,5
com.google.android.apps.subscriptions.red,Google One,William Bright,A necessary tool for proper care of your apps.,5,2025-10-30 12:09:20,positive,0.9978572726249696,9
com.google.android.apps.subscriptions.red,Google One,BILLY PRATER,GOOD.,5,2025-10-30 11:38:32,positive,0.9998157620429992,1
com.google.android.apps.subscriptions.red,Google One,Aslam Khan,what problem it's account,1,2025-10-30 11:04:07,negative,0.9997723698616028,4
com.google.android.apps.subscriptions.red,Google One,nannwel oo,need your help,5,2025-10-30 08:58:28,negative,0.98506897687912,3
com.google.android.apps.subscriptions.red,Google One,Alma Sipe,simple,5,2025-10-30 07:46:11,positive,0.9996788501739502,1
com.google.android.apps.subscriptions.red,Google One,Anjani Aarya,great performance,5,2025-10-30 06:11:18,positive,0.9998760223388672,2
com.google.android.apps.subscriptions.red,Google One,UAE parsan,good,5,2025-10-30 05:44:24,positive,0.999816119670868,1
com.google.android.apps.subscriptions.red,Google One,Cante Tanka,this app is a game changer it stores all our important pictures and files.,5,2025-10-30 05:32:37,negative,0.807884931564331,14
com.google.android.apps.subscriptions.red,Google One,MD.Baized,nice apps,5,2025-10-30 04:42:18,positive,0.999850869178772,2
com.google.android.apps.subscriptions.red,Google One,Ali Asadi,best,4,2025-10-30 02:25:28,positive,0.9997941851615906,1
com.google.android.apps.subscriptions.red,Google One,Rakesh kumar Shrivastava,excellent,5,2025-10-30 02:12:43,positive,0.9998434782028198,1
com.google.android.apps.subscriptions.red,Google One,Ajahar Ali,ajhar,4,2025-10-30 01:45:02,positive,0.969344437122345,1
com.google.android.apps.subscriptions.red,Google One,Matiop Abraham Gai,good,5,2025-10-30 00:45:15,positive,0.999816119670868,1
com.google.android.apps.subscriptions.red,Google One,veronica baker,Is this still working? Please respond. Am I paying for this? Where can I see the info?,5,2025-10-30 00:12:13,negative,0.99874085187912,17
com.google.android.apps.subscriptions.red,Google One,Minh Liem (Mikhael Geri Sirait),good app,5,2025-10-30 00:05:55,positive,0.9998493194580078,2
com.google.android.apps.subscriptions.red,Google One,Marcos Welington,"You can actually backup your PC, phone etc, using Google Drive app, it's awesome and I backup multiple devices, having access to my stuff locally and on the cloud!",5,2025-10-29 23:20:08,positive,0.9940967559814452,29
com.google.android.apps.subscriptions.red,Google One,Gangsta OG,Great as always,5,2025-10-29 22:21:57,positive,0.9998658895492554,3
com.google.android.apps.subscriptions.red,Google One,samantha,"For 3 years I've been trying to get Google to take payment on the last day of the month. Turns out this is the one thing Google DOESN'T know how to do. Don't expect assistance from support, they take so long to respond honestly not worth the trouble. Use One Drive rather.",1,2025-10-29 20:40:30,negative,0.9988118410110474,52
com.google.android.apps.subscriptions.red,Google One,Rick J Volkman,ninja PLEASE,5,2025-10-29 20:14:13,positive,0.9975854158401488,2
com.google.android.apps.subscriptions.red,Google One,RELISH CAFE,good to use,5,2025-10-29 18:08:12,positive,0.9998455047607422,3
com.google.android.apps.subscriptions.red,Google One,Jake Grabowski,name should be Google spyware,1,2025-10-29 17:43:38,negative,0.997211754322052,5
com.google.android.apps.subscriptions.red,Google One,david hamilton,ok,5,2025-10-29 16:55:41,positive,0.9997851252555848,1
com.google.android.apps.subscriptions.red,Google One,Benarji Vanukuru,Cool🤩,5,2025-10-29 16:30:09,negative,0.6970565915107727,1
com.google.android.apps.subscriptions.red,Google One,Hell Boyy,good,5,2025-10-29 13:56:31,positive,0.999816119670868,1
com.google.android.apps.subscriptions.red,Google One,Jamie MacNeil,I don't need 2T of storage why am I forced to take it. I just need storage for my web cams.,1,2025-10-29 11:55:05,negative,0.9991670846939088,21
com.google.android.apps.subscriptions.red,Google One,Muhammad Ahmad Dhuddi,Google pay app in my debit card,5,2025-10-29 11:38:02,negative,0.9621133804321288,7
com.google.android.apps.subscriptions.red,Google One,Cornelius Ojong,Nice work,5,2025-10-29 07:10:39,positive,0.9998576641082764,2
com.google.android.apps.subscriptions.red,Google One,Cesar,I don't know if I need Google 1 or not. I am confused as to how to tell. I have several issues but don't know how to contact Google to resolve it. I cannot find all my data in google. Help !,1,2025-10-29 06:47:42,negative,0.9995005130767822,42
com.google.android.apps.subscriptions.red,Google One,MD SAGOR ISLAM,Good app,5,2025-10-29 05:56:07,positive,0.9998493194580078,2
com.google.android.apps.subscriptions.red,Google One,Chris Cochran,"Google One apps says it's not backing up MMS. But when I access the Google Drive app, I see the device backup is full of MMS at 6 GB and tied to Google One. App offers no way to delete the MMS from device backup even though the app is explicitly set not to backup MMS. This was not an issue a month ago. Google's remedy seems to be get a subscription to get help, which is simply unacceptable for basic functionality.",1,2025-09-30 23:04:42,negative,0.999609649181366,82
com.google.android.apps.subscriptions.red,Google One,Faijan Sayyad,ok,5,2025-09-30 22:31:36,positive,0.9997851252555848,1
com.google.android.apps.subscriptions.red,Google One,Eddie But,one pro e.e,5,2025-09-30 13:09:16,positive,0.9883268475532532,3
com.google.android.apps.subscriptions.red,Google One,Myo Zaw,ok,3,2025-09-30 12:45:48,positive,0.9997851252555848,1
com.google.android.apps.subscriptions.red,Google One,Srikanto Roy,good,5,2025-09-30 09:07:50,positive,0.999816119670868,1
com.google.android.apps.subscriptions.red,Google One,Partho biswas,Thanks to Google One👍,5,2025-09-30 07:36:23,positive,0.9902798533439636,4
com.google.android.apps.subscriptions.red,Google One,Carole Francois,everything hackers does that's too,5,2025-09-30 03:31:23,negative,0.9986441731452942,5
com.google.android.apps.subscriptions.red,Google One,Pooja Kumari,Good,5,2025-09-30 02:38:22,positive,0.999816119670868,1
com.google.android.apps.subscriptions.red,Google One,Julia Mcreynolds-McClinton,they have been taking money each month unaware by e as I did not have a subscription .,1,2025-09-30 00:48:18,negative,0.9980140924453736,18
com.google.android.apps.subscriptions.red,Google One,عبدالله التعزي,مممن,5,2025-09-30 00:18:20,positive,0.8154193758964539,1
com.google.android.apps.subscriptions.red,Google One,Mario Lev,Didn't like,2,2025-09-29 23:04:18,negative,0.9886593818664552,2
com.google.android.apps.subscriptions.red,Google One,Dayle Prezens,though cool it's not free,3,2025-09-29 21:42:08,negative,0.9889625906944276,5
com.google.android.apps.subscriptions.red,Google One,Johnathan Jones,"DO NOT RECOMMEND! I was charged $133.24 for 30TB storage that I DID NOT PURCHASE! And of course there are ZERO phone numbers for customer support so that I may call and have this situation resolved. Followed the necessary steps to request a refund and was informed that my request didn't ""meet"" the requirements for a refund. And no I didn't purchase it and then change my mind. I would never EVER purchase 30TB OF STORAGE!! THAT IS INSANE! I still have 50% storage available on my 128gb google pixel",1,2025-09-29 21:19:24,negative,0.9995003938674928,90
com.google.android.apps.subscriptions.red,Google One,adam calvin,good,5,2025-09-29 18:49:03,positive,0.999816119670868,1
com.google.android.apps.subscriptions.red,Google One,Máté Pinczel,"Keeps complaining because I am using my drive. ""You have only 3 gb left, please pay for us or we will ping you every day!!!"" I hate google, since it keeps spamming me.",1,2025-09-29 18:44:17,negative,0.9988454580307008,33
com.google.android.apps.subscriptions.red,Google One,Russell Biswas,good,5,2025-09-29 17:07:46,positive,0.999816119670868,1
com.google.android.apps.subscriptions.red,Google One,Govind Mishar,i like this app very much,5,2025-09-29 16:11:43,positive,0.9997559189796448,6
com.google.android.apps.subscriptions.red,Google One,DEBORAH “DAS” STEELE PRESLEY,No problems,5,2025-09-29 15:01:46,positive,0.997018575668335,2
com.google.android.apps.subscriptions.red,Google One,Ramamohan Kanneboina,good,5,2025-09-29 12:28:18,positive,0.999816119670868,1
com.google.android.apps.subscriptions.red,Google One,Malik Adil,Malik Adil 786,5,2025-09-29 12:15:50,positive,0.941356122493744,3
com.google.android.apps.subscriptions.red,Google One,Cecil,never use it,1,2025-09-29 11:40:17,negative,0.9486808776855468,3
com.google.android.apps.subscriptions.red,Google One,Laila Hill,"Zero stars... this app all of a sudden tries to tell me my payment method is invalid because my payer account is closed. My account is active, and upon double checking with my pay source they say that this whole thing sounds fishy, as they never even attempted a payment. I feel like they're trying to access your direct banking info by force, and customer service is a joke! Horrible!",1,2025-09-29 11:40:05,negative,0.99979168176651,70
com.google.android.apps.subscriptions.red,Google One,Jenny Schmidt,great!,5,2025-09-29 09:30:33,positive,0.9998692274093628,1
com.google.android.apps.subscriptions.red,Google One,Jackson Dillion,It's really amazing,5,2025-09-29 09:09:47,positive,0.999879002571106,3
com.google.android.apps.subscriptions.red,Google One,Jill McCann,interesting provides access to information and services. Goodsite,4,2025-09-29 08:32:53,positive,0.999560296535492,8
com.google.android.apps.subscriptions.red,Google One,Evelyn Santos,I want to cancel. why is it so difficult?,1,2025-09-29 07:43:45,negative,0.9997190833091736,9
com.google.android.apps.subscriptions.red,Google One,Nonnie Ross,I have been trying for months to get back into my account and there is no way to contact google of you are being hacked or your accounts have been accessed by someone else i have said this so many times in my reviews and nobody reaches back out to me I have lost my whole digital life because of this why can't google under stand that you can't put all your faith into an Ai bot to do the work for you this is how I know that nobody is paying attention because of instead of fixing it it its worse,1,2025-09-29 06:49:35,negative,0.999144434928894,102
com.google.android.apps.subscriptions.red,Google One,Mousumi Das,Very Fine,5,2025-09-29 06:01:53,positive,0.999858021736145,2
com.google.android.apps.subscriptions.red,Google One,Chris Brewer,backup not storage . Harassment daily for me to renew my act . they keep claiming I'm out of storage and even wiped out photos I've had for years I currently have 8 GB in my phone plus 115 GB on sd card . That didn't stop them from making my email unusable there are things on my phone that will not work because they claim I have no storage . I've requested that they leave me alone . I have even blocked them but they still manage to message my daily and interrupt phone services. Do Not Use.,1,2025-09-29 05:46:27,negative,0.9988130331039428,99
com.google.android.apps.subscriptions.red,Google One,charles Taylor,"i upgraded and was supposed to have 2T but, there was nothing saying i would have limited pic to video generation.",3,2025-09-29 05:42:47,negative,0.9935811758041382,21
com.google.android.apps.subscriptions.red,Google One,Sharon Mason (Masonight),"I wont to find a way past all the signing up and how it's 👍✅ done to yes this is beneficial put it all whare I need it. to much of my time waisted setting it all up there has to be a way around it. skip straight to I need to study gramer it's a vital part of making my work properly written. along with other things I tell my devise I need or my future husband tells me I need. aside from this truth to tell him thank you thank you I not it can cause a head that being your head to ake, just sign m",5,2025-09-29 05:41:34,positive,0.9504279494285583,109
com.google.android.apps.subscriptions.red,Google One,Shakil Hossain,well,5,2025-09-29 05:29:33,positive,0.9995703101158142,1
com.google.android.apps.subscriptions.red,Google One,Michelle Carder,"*UPDATE: ive waited weeks! UPDATE: In regards to the response from the provider below, I've refreshed the page several times. I bought the plan last week. id love to give this 5 stars but I'm paying for storage that im not getting. I am still unable to send or receive emails even after buying more storage. my card has been charged, yet its still telling me I need to buy more storage. I can't get through to any kind of customer service or just any help on the issue other then a bot chat.",1,2025-09-29 05:22:11,negative,0.9858433604240416,94
com.google.android.apps.subscriptions.red,Google One,John A. Wagner (BuddhaOne967),Google One App is great...But it looks better free!!,5,2025-09-29 02:24:31,negative,0.829748809337616,9
com.google.android.apps.subscriptions.red,Google One,Noluthando Shabane,"Google one deducted money from my account without my consent. I've been asking them to give me my money back since the 26th of April. They are ignoring me on purpose, every time I ask them about this. I went through 3 different chat agents provided them with screenshots to prove I'm not lying but still they choose to ignore me. guys please be careful with Google one. I paid for one month and they deducted 4x of the amount I paid. if you went through the same thing please alert other people.",1,2025-09-29 01:27:39,negative,0.999454915523529,93
com.google.android.apps.subscriptions.red,Google One,shawon sharder,good,5,2025-09-29 00:14:20,positive,0.999816119670868,1
com.google.android.apps.subscriptions.red,Google One,Kay Tekle,positive,5,2025-09-28 22:19:52,positive,0.9998629093170166,1
com.google.android.apps.subscriptions.red,Google One,Janne Duckworth,very good place for backup. works fine.,5,2025-09-28 21:00:36,positive,0.9998143315315248,7
com.google.android.apps.subscriptions.red,Google One,HEMANT KUMAR,"8' V?to cgdui😌😔U😔OF 7🤭""7",4,2025-09-28 20:59:43,negative,0.9693945050239564,4
com.google.android.apps.subscriptions.red,Google One,Carl Dicki,in different places,2,2025-09-28 20:09:03,positive,0.9944241642951964,3
com.google.android.apps.subscriptions.red,Google One,Mustafa Ismail,"scam!!!! they take your money without permission!!! what a useless service, thefts, don't use it ones you been used they try to take money monthly from your bank and after you shold close your bank ....",1,2025-09-28 18:48:37,negative,0.9992853999137878,36
com.google.android.apps.subscriptions.red,Google One,MAN Garza,They keep taking my money even tho idek what I’m gett Charged for,2,2025-09-28 14:48:42,negative,0.9877235889434814,13
com.google.android.apps.subscriptions.red,Google One,clinton livingstone,used to pay 4.95 or thereabouts each month and now 2 lousy terabytes would cost me 34 dollars a month from october...you hav to be kidding...get us hooked on using your storage then up the price heaps...been with google for years...you lost me....,1,2025-09-28 13:06:36,negative,0.9996358156204224,43
com.google.android.apps.subscriptions.red,Google One,sarah Hederson,"When you review early access and beta apps, only the developer can view your feedback.",5,2025-09-28 11:46:21,negative,0.9320421814918518,15
com.google.android.apps.subscriptions.red,Google One,Fadhil Zabidi,"Love this apps , Google one provides the extra storage space I need and affordable price , its also determined storage form, that makes us consider different sharing formations. The working with other google services makes us have an executive operational support.",5,2025-09-28 11:43:01,positive,0.999637007713318,42
com.google.android.apps.subscriptions.red,Google One,ANITA EFOSA,ANITA EFOSA via Ottavio Rinuccini 3 Milano ltaly city 20125,5,2025-09-28 09:44:45,positive,0.97743159532547,10
com.google.android.apps.subscriptions.red,Google One,Mihad Khan,good job,3,2025-09-28 08:34:54,positive,0.999835729598999,2
com.google.android.apps.subscriptions.red,Google One,Michael Sylvester,"hi, how can I make this a yearly subscription? not monthly",4,2025-09-28 06:29:00,negative,0.996862769126892,11
com.google.android.apps.subscriptions.red,Google One,Elizabeth Ramirez,hate that it got rid of play pass on it.,1,2025-09-28 06:12:24,negative,0.9986146688461304,10
com.google.android.apps.subscriptions.red,Google One,Larry Call,👍,5,2025-09-28 05:20:16,negative,0.6970565915107727,1
com.google.android.apps.subscriptions.red,Google One,Mιᥒᥱk᥆ Jaganshi,Google one seems to not load any data,1,2025-08-31 22:19:57,negative,0.9995328187942504,8
com.google.android.apps.subscriptions.red,Google One,Shakirah Sabur,wonderfully informative.,5,2025-08-31 21:24:16,positive,0.9998787641525269,2
com.google.android.apps.subscriptions.red,Google One,VIRENDRA YADAV,very nice,4,2025-08-31 20:40:45,positive,0.9998563528060912,2
com.google.android.apps.subscriptions.red,Google One,Jiiyham12345 Jiiyham,I need refund money the Google outomatic deduction from my gcash account,5,2025-08-31 19:48:29,negative,0.9993696808815002,12
com.google.android.apps.subscriptions.red,Google One,alistair Stark,janky app,1,2025-08-31 15:53:33,negative,0.9480689764022828,2
com.google.android.apps.subscriptions.red,Google One,MICHAEL s BAART,Great for cleaning up the phone,5,2025-08-31 15:02:40,positive,0.9984790682792664,6
com.google.android.apps.subscriptions.red,Google One,Bacea VASCO,my acc is not Enable nothing works ....?,1,2025-08-31 14:52:42,negative,0.999427855014801,8
com.google.android.apps.subscriptions.red,Google One,Mahesh S Nair,Google Ai pro is too expensive for Indian users. Chatgpt makes sense now with their new plan. Its sad that an indian CEO on top doesn't understand the basics of economics for Indian subcontinent.,1,2025-08-31 14:40:01,negative,0.997844934463501,34
com.google.android.apps.subscriptions.red,Google One,Thohid Ahammed,happy,5,2025-08-31 13:24:18,positive,0.99987530708313,1
com.google.android.apps.subscriptions.red,Google One,Dustin Vesser,Google one absolutely sucks hate it,1,2025-08-31 12:32:37,negative,0.9982079267501832,6
com.google.android.apps.subscriptions.red,Google One,Shamim Ahmad,very good 💯,5,2025-08-31 10:31:00,positive,0.999870777130127,3
com.google.android.apps.subscriptions.red,Google One,Claus Landkroon,please activate the new Gemini,5,2025-08-31 09:56:54,positive,0.9959205389022828,5
com.google.android.apps.subscriptions.red,Google One,david Steiner,I love it 👍💯,5,2025-08-31 09:17:59,positive,0.9998791217803956,4
com.google.android.apps.subscriptions.red,Google One,Super Plus,Nice app,5,2025-08-31 06:56:57,positive,0.9998061060905457,2
com.google.android.apps.subscriptions.red,Google One,Sebastian Juan,Kata kata Hari ini 🤗🤗 Terus kan gerai Anang parai Anang berapi dalam ai Rau lulun,5,2025-08-31 05:42:51,negative,0.9859598875045776,16
com.google.android.apps.subscriptions.red,Google One,Cecil Edward Cecil Edward Grootboom,Exesible for the few,5,2025-08-31 05:40:16,positive,0.963169276714325,4
com.google.android.apps.subscriptions.red,Google One,Usman Ojo,very nice,5,2025-08-31 03:33:19,positive,0.9998563528060912,2
com.google.android.apps.subscriptions.red,Google One,Kachiqui Taito,"I don't know how to use it because I bought 100 mgb, but my phone only holds 60mgb, and I got the message I running out of space, and I can't even take 1 more photo. I'm very disappointed.",1,2025-08-31 03:24:10,negative,0.9996923208236694,39
com.google.android.apps.subscriptions.red,Google One,Ribbit Ribbit,Google sucks,1,2025-08-31 02:51:52,negative,0.9994410872459412,2
com.google.android.apps.subscriptions.red,Google One,Owais Khan,💩,1,2025-08-31 02:23:59,negative,0.6970565915107727,1
com.google.android.apps.subscriptions.red,Google One,Dicky Surya putra asril Alwi thain,Top,5,2025-08-31 02:12:04,positive,0.9997069239616394,1
com.google.android.apps.subscriptions.red,Google One,Tshepang Dhlamini,love it,5,2025-08-31 01:16:51,positive,0.99987530708313,2
com.google.android.apps.subscriptions.red,Google One,Mike B,you helped me to delete eliminate so many unwanted downloads just by refusing my $ 1.99 payment/ and payment method for 1 month. I guess you have to start all over again. remind me to kiss the sky.,3,2025-08-31 00:44:11,negative,0.9992455244064332,38
com.google.android.apps.subscriptions.red,Google One,Bongera marak,om llo po mmmml.m. kooopkllpao pp p,5,2025-08-30 23:26:59,negative,0.973655879497528,7
com.google.android.apps.subscriptions.red,Google One,Rodyl Hinampas,nice,5,2025-08-30 22:52:40,positive,0.9998552799224854,1
com.google.android.apps.subscriptions.red,Google One,Bernie McCool,This charge showed up and I don't recognize it. Worse it charged me ever few days starting at $19.99 then jumping to $21.99. NOT even once a month but ever several days. REFUND ME NOW!,1,2025-08-30 21:30:24,negative,0.9970971345901488,35
com.google.android.apps.subscriptions.red,Google One,Boga Veeraswamy,YOGA FOR BOGA RAGHUPATHI,5,2025-08-30 18:38:45,negative,0.854663074016571,4
com.google.android.apps.subscriptions.red,Google One,Gururaj Dave,Best,5,2025-08-30 17:02:58,positive,0.9997941851615906,1
com.google.android.apps.subscriptions.red,Google One,Jozet James,they don't go step by step to inform you how to stop this from happening. I dislike when no plain English or not every one went to school. that's some reason I don't like it. we all have our mistakes 😞.,3,2025-08-30 14:17:20,negative,0.9981167316436768,41
com.google.android.apps.subscriptions.red,Google One,E. M.,Google One : Classic Original Certified Legend of the hempispheres,5,2025-08-30 13:54:43,positive,0.995423138141632,10
com.google.android.apps.subscriptions.red,Google One,Dan Despa,super,5,2025-08-30 13:40:53,positive,0.998783528804779,1
com.google.android.apps.subscriptions.red,Google One,Shakti Kushwaha,tish is very bad,1,2025-08-30 12:56:18,negative,0.9998100399971008,4
com.google.android.apps.subscriptions.red,Google One,Speed Demon,this app is pointless to me.,3,2025-08-30 09:57:10,negative,0.9997969269752502,6
com.google.android.apps.subscriptions.red,Google One,Saqib Ahmed (King),King 👑,5,2025-08-30 09:37:30,positive,0.987919807434082,2
com.google.android.apps.subscriptions.red,Google One,Joe Manansala,"I subscribed this for a year, but then realized that I really don't need this service. Now I get a notification saying that if I do not pay or renew my subscription, they will suspend my email. Email account should be FREE. This is almost like a scam..",1,2025-08-30 09:27:53,negative,0.9994810223579408,48
com.google.android.apps.subscriptions.red,Google One,Tanya Man,good,5,2025-08-30 09:14:35,positive,0.999816119670868,1
com.google.android.apps.subscriptions.red,Google One,AMALIA ZAVALA,EXCELLENT AND THANKS. SEND ME A TEXT TELLING ME HOW MUCH SPACE I HAVE,5,2025-08-30 08:29:15,positive,0.9998618364334106,14
com.google.android.apps.subscriptions.red,Google One,Mohammad rashidul Haque,Nice Ap,5,2025-08-30 07:39:39,positive,0.9997959733009338,2
com.google.android.apps.subscriptions.red,Google One,Tanya Rudman,"I have canceled my subscription months ago. But they still deduct. I am not using this app, as I thought I would. Please stop deducting my money",1,2025-08-30 02:27:58,negative,0.999108612537384,27
com.google.android.apps.subscriptions.red,Google One,Karthik Shetty,wonderful App,5,2025-08-30 01:33:59,positive,0.9998787641525269,2
com.google.android.apps.subscriptions.red,Google One,Sadananda Achary,good,5,2025-08-29 23:18:07,positive,0.999816119670868,1
com.google.android.apps.subscriptions.red,Google One,Jhett Jones,"This app installed itself on my phone apparently after an update with no authorization or approval, and has been charging an annual fee ever since that I discovered only when reviewing additional anomalous charges in the Play Store. On top of that, I'm paying to have Google automatically harvest my personal photos and downloads on my phone to store for no reason at all.",1,2025-08-29 22:16:32,negative,0.9997007846832277,64
com.google.android.apps.subscriptions.red,Google One,Kaari Sohaib,"I subscribed to Google One with a yearly plan at a very reasonable price, and it’s been a great experience. Extra storage across Gmail, Drive, and Photos is really helpful, plus family sharing is a big advantage. Thanks Google for such a wonderful package. However, I wish Google One added more benefits in Pakistan like VPN access and better local offers. If more AI tools and backup options were included, it would be perfect.",3,2025-08-29 22:05:01,positive,0.9990336894989014,74
com.google.android.apps.subscriptions.red,Google One,Akatukwasa Flavius,it's slow,3,2025-08-29 21:20:09,negative,0.9997345805168152,2
com.google.android.apps.subscriptions.red,Google One,Mylife Forsade,so good 💯,5,2025-08-29 20:59:31,positive,0.9998756647109984,3
com.google.android.apps.subscriptions.red,Google One,Poran Sl,Niec,5,2025-08-29 20:21:49,positive,0.5998042821884155,1
com.google.android.apps.subscriptions.red,Google One,Roberta Crockett,"while I like Google, being pressured into a subscription, while dealing with emergency situation,was horrifying. there wasn't any other option. either get more storage immediately or you could not send or receive email. I was in the middle of a serious meeting,I'm only glad even though it put me in overdrawn account I was able to get Google one and continue meeting. Google I expect way more of you. I'm sure there is a excuse RIGHT! delusional in Seattle.",1,2025-08-29 18:43:35,negative,0.9894129633903505,79
com.google.android.apps.subscriptions.red,Google One,christopher holland,I don't need or even want this on my phone.... so why am I forced to had it and why do my settings keep getting changed to update it? hmmmm......,1,2025-08-29 18:27:11,negative,0.9993941783905028,30
com.google.android.apps.subscriptions.red,Google One,AHSAN AYESHA,feedback,5,2025-08-29 17:23:29,positive,0.9920661449432372,1
com.google.android.apps.subscriptions.red,Google One,Jeremia Naraga,i don't want this App please help me i need requesting a refund,1,2025-08-29 17:08:47,negative,0.9995051622390748,13
com.google.android.apps.subscriptions.red,Google One,Cody Ledford,VPN not workout on qpr beta 3.1,5,2025-07-31 23:48:13,negative,0.9861395359039308,7
com.google.android.apps.subscriptions.red,Google One,Roy,"excellent live support I noticed my phone was actually erasing everything I was typing as soon as I quit typing and it was doing it fast also when I activated the safety app, the prince shrunk down all of a sudden so small I would have to use a microscope to see it. I'm 55 it's quite scary I didn't know what was happening. the expert at Google one a real life human being told me that it was a cyber crime.",5,2025-07-31 21:50:14,negative,0.9879466891288756,82
com.google.android.apps.subscriptions.red,Google One,Soccer Mmaseeme,Good,5,2025-07-31 20:29:31,positive,0.999816119670868,1
com.google.android.apps.subscriptions.red,Google One,suman kumar satya vraj,it's ok,4,2025-07-31 20:27:44,positive,0.9998351335525512,2
com.google.android.apps.subscriptions.red,Google One,Marco,"I have no idea, what that even is? Consumes precious space. It seems to a replacement for Google Drive, but worse. Why is everything getting worse?",1,2025-07-31 20:26:52,negative,0.9996079802513124,26
com.google.android.apps.subscriptions.red,Google One,shagan pawar,no free no benefit,1,2025-07-31 20:20:34,negative,0.99755197763443,4
com.google.android.apps.subscriptions.red,Google One,Delois Hill,it's giving crashout Alexa & Siri vibes,2,2025-07-31 20:12:56,negative,0.9693069458007812,7
com.google.android.apps.subscriptions.red,Google One,Kiere Lassiter,I've been using Google One to store documents and data and it has been very helpful to me and I've had it for almost five years now and it's been great i hope that I will be able to continue using it to hold large amounts of data and hopefully use that to be more active on the internet as a content creator.,5,2025-07-31 19:13:26,positive,0.9993830919265748,63
com.google.android.apps.subscriptions.red,Google One,Mdyasinkhan Yasin,very good 👍 😊,5,2025-07-31 19:08:12,positive,0.99985933303833,4
com.google.android.apps.subscriptions.red,Google One,Aleksandra Dragutinovic,"why is not possible to upgrade the membership at least up to 100gb, for users in Montenegro?",1,2025-07-31 19:08:00,negative,0.9982864260673524,17
com.google.android.apps.subscriptions.red,Google One,Adora Mitchell,I am an older woman and I don't get around like I used to so these games are so much fun 😊😊 I absolutely recommend them for any one who is like me it's really relaxing and loads of fun 😊😊,5,2025-07-31 18:45:27,positive,0.9996758699417114,41
com.google.android.apps.subscriptions.red,Google One,Bruce Geyer jr.,Google is the best and always will be to my end I hope I praise all of you.,5,2025-07-31 18:44:02,positive,0.999788463115692,18
com.google.android.apps.subscriptions.red,Google One,Ross Macdonald,"my oldest files particularly videos no longer play, back ups I trusted to Google one to be accessible to me for life are lost. so how long will it be before today's memories are no longer accessible.",2,2025-07-31 18:17:40,negative,0.9996304512023926,37
com.google.android.apps.subscriptions.red,Google One,Chris Newlun,suck,1,2025-07-31 16:21:43,negative,0.9985975623130798,1
com.google.android.apps.subscriptions.red,Google One,no name,useless on my phone but can't remove it.,1,2025-07-31 16:20:20,negative,0.9962589740753174,8
com.google.android.apps.subscriptions.red,Google One,Chris Bridgmon,works perfectly as expected,5,2025-07-31 16:16:09,positive,0.9998599290847778,4
com.google.android.apps.subscriptions.red,Google One,Sandra Peterson,wwas quick,5,2025-07-31 15:24:07,positive,0.6708511710166931,2
com.google.android.apps.subscriptions.red,Google One,Jacob D,very good app.,5,2025-07-31 13:44:56,positive,0.9998669624328612,3
com.google.android.apps.subscriptions.red,Google One,Daisy P.,Good app.,5,2025-07-31 12:55:51,positive,0.9998503923416138,2
com.google.android.apps.subscriptions.red,Google One,Marie ONeill,kind of a rip off. my phone has plenty of storage but I can't use it for Google? I have to buy it? I'll figure it out,1,2025-07-31 10:26:43,negative,0.9989161491394044,27
com.google.android.apps.subscriptions.red,Google One,Hari Setiabudi,"nice app, helpful in daily activities",5,2025-07-31 10:12:41,positive,0.9997261166572572,6
com.google.android.apps.subscriptions.red,Google One,Joe M,I don't think I should have to pay!,2,2025-07-31 08:40:08,negative,0.9985138773918152,8
com.google.android.apps.subscriptions.red,Google One,Dahlia,nice,5,2025-07-31 07:50:09,positive,0.9998552799224854,1
com.google.android.apps.subscriptions.red,Google One,Fida Hussin,Nice 👍,5,2025-07-31 03:56:52,positive,0.999842405319214,2
com.google.android.apps.subscriptions.red,Google One,Richard Sloane,I work really hard to love this app with all of my heart,5,2025-07-30 23:57:26,positive,0.9976516366004944,13
com.google.android.apps.subscriptions.red,Google One,Dhilipraj Vasu,📁 Storage Issue Summary We have 3 family Members: Free Storage per Member: 15 GB Total Free Group Storage: 3 × 15 GB = 45 GB Purchased Storage: 100 GB Expected Total Storage: 45 GB + 100 GB = 145 GB Storage Displayed: 100 GB Discrepancy: 45 GB missing,1,2025-07-30 23:56:29,negative,0.9981649518013,49
com.google.android.apps.subscriptions.red,Google One,Lavador Jeynil pepito,thank you',1,2025-07-30 22:36:33,positive,0.999848484992981,2
com.google.android.apps.subscriptions.red,Google One,Rhea Nuarin,I tried to seek help for a refund but keep on telling me that I am not qualified for a refund even though I don't use the app yet. Doesn't have any consideration as a the payment is for school fees.,1,2025-07-30 20:48:23,negative,0.999746024608612,41
com.google.android.apps.subscriptions.red,Google One,Fadill Rizky,"Why does Google 1 keep charging my electronic wallet for the bill, and I can't unsubscribe from the application? Please don't be a digital leech from Google. Give me guidance and direction on how I can end the subscription? Because I've tried it and can't find it.",1,2025-07-30 19:40:58,negative,0.9989218711853028,47
com.google.android.apps.subscriptions.red,Google One,Shahil Sheikh,Excellent,5,2025-07-30 18:27:34,positive,0.9998434782028198,1
com.google.android.apps.subscriptions.red,Google One,baby kit,VERY VERY GOOD 🤤🤬☹😡🤤 GOOGLE ONE 🥞⛹🚆⏳♍ APP,5,2025-07-30 17:50:00,positive,0.9996495246887208,8
com.google.android.apps.subscriptions.red,Google One,Phillip Mabry,"WARNING: DO NOT TRUST FOR BACKING UP AND RESTORING YOUR DATA TO A NEW PHONE!!! Due to the confusing verbiage during restore, I COMPLETELY LOST MY BACKUP. EVEN AFTER FACTORY RESETTING AGAIN MY BACKUP IS COMPLETELY GONE FROM THE CLOUD!",1,2025-07-30 17:13:17,negative,0.999784529209137,40
com.google.android.apps.subscriptions.red,Google One,Trisan Sahoo,ok,5,2025-07-30 14:57:47,positive,0.9997851252555848,1
com.google.android.apps.subscriptions.red,Google One,ravindra bhame,excellant,5,2025-07-30 14:44:28,positive,0.9997606873512268,1
com.google.android.apps.subscriptions.red,Google One,Hamza Khan,very good 😊 app,5,2025-07-30 14:37:04,positive,0.9998421669006348,4
com.google.android.apps.subscriptions.red,Google One,Matthew Schneider,don't use downloaded by itself,1,2025-07-30 14:30:02,negative,0.9666274785995485,5
com.google.android.apps.subscriptions.red,Google One,Bughunter Geek,"The new redesign sucks and lacks lots of animations, especially transition animations! That's not the Material 3 Expressive design that you should be using!",1,2025-07-30 13:37:04,negative,0.9997947812080384,24
com.google.android.apps.subscriptions.red,Google One,Jesse Audette,GREAT 👍,5,2025-07-30 13:03:25,positive,0.9997692704200744,2
com.google.android.apps.subscriptions.red,Google One,Adam Minicus,Excellent,5,2025-07-30 12:17:33,positive,0.9998434782028198,1
com.google.android.apps.subscriptions.red,Google One,Pepito Fuentes,Thankd,5,2025-07-30 11:06:32,positive,0.9997814297676086,1
com.google.android.apps.subscriptions.red,Google One,Deepak Kudale,good,5,2025-07-30 09:37:42,positive,0.999816119670868,1
com.google.android.apps.subscriptions.red,Google One,Amo Roll,This is good for keeping track of things,5,2025-07-30 07:57:18,positive,0.999811828136444,8
com.google.android.apps.subscriptions.red,Google One,Kim Mahncke,"Google one will not allow me to add my new phone. it wants me to confirm on my old phone, that I don't have. decline's all payments to all my apps. no help in",1,2025-07-30 03:55:33,negative,0.998923122882843,34
com.google.android.apps.subscriptions.red,Google One,Crystal Mae,wooooo,4,2025-07-30 01:26:51,positive,0.9008239507675172,1
com.google.android.apps.subscriptions.red,Google One,Mav Antone,I can't find the google account to unsubscribe the apps it reoccurring payments and I can't stop it .can u help take the repayment off ASAP. stop reoccurring payments from my BMO account.,2,2025-07-30 01:15:08,negative,0.9988586902618408,33
com.google.android.apps.subscriptions.red,Google One,Sameer Khadim,good app,5,2025-07-29 22:44:29,positive,0.9998493194580078,2
com.google.android.apps.subscriptions.red,Google One,Debbie “DJH1968” Harmon,I subscribed to this and then canceled the same day because it wasn't what I expected. I was approved for a refund on 07/25/25 but instead I got charged again on07/28/25,1,2025-07-29 22:08:30,negative,0.9995384216308594,31
com.google.android.apps.subscriptions.red,Google One,Tyleece Gallup,I really shouldn't have to pay for this.,1,2025-07-29 21:47:36,negative,0.9974651336669922,8
com.google.android.apps.subscriptions.red,Google One,rajvir singh,good app not phone hanging and good fast srvice,5,2025-07-29 21:35:06,positive,0.996933937072754,9
com.google.android.apps.subscriptions.red,Google One,Shanif Ansari,best app,5,2025-07-29 21:15:11,positive,0.999686598777771,2
com.google.android.apps.subscriptions.red,Google One,Aung Khaing Mige,VERY VERY GOOD GOOGLE ONE,5,2025-06-30 23:51:23,positive,0.999839186668396,5
com.google.android.apps.subscriptions.red,Google One,mohd hasyim,"Crazy apps, I don't have to pay anything, they're taking people's money.",1,2025-06-30 23:27:54,negative,0.9905219078063964,12
com.google.android.apps.subscriptions.red,Google One,Potharla Sai CharaN,great app .,5,2025-06-30 23:19:15,positive,0.9998407363891602,3
com.google.android.apps.subscriptions.red,Google One,Ghoje Yakob,good,5,2025-06-30 23:17:52,positive,0.999816119670868,1
com.google.android.apps.subscriptions.red,Google One,Alito Salinas,great app have all my kids pichers in one spot and peace of mind that if I were to lose one the precious moments I can get it back,5,2025-06-30 22:04:19,positive,0.999498963356018,29
com.google.android.apps.subscriptions.red,Google One,sheikh sahb,Good,5,2025-06-30 21:12:47,positive,0.999816119670868,1
com.google.android.apps.subscriptions.red,Google One,salvador poserio,they keep on charging to my GCash accnt even i already cancelled my subscription..i was robed many times by nonstoppable charging in GCash accnt...Its like highway Robert.. for your information.,1,2025-06-30 21:06:49,negative,0.9960825443267822,30
com.google.android.apps.subscriptions.red,Google One,Rene Lauren,☺️☺️,5,2025-06-30 13:39:34,negative,0.6970565915107727,1
com.google.android.apps.subscriptions.red,Google One,Nakesia Cunningham,good app,5,2025-06-30 12:37:42,positive,0.9998493194580078,2
com.google.android.apps.subscriptions.red,Google One,Handyman Rick,I was charged for a 2 terabyte package I never ordered I don't use cloud storage,1,2025-06-30 12:29:54,negative,0.9802473783493042,16
com.google.android.apps.subscriptions.red,Google One,Desiree Adetokunbo,excellent 👍,5,2025-06-30 10:56:57,positive,0.9998458623886108,2
com.google.android.apps.subscriptions.red,Google One,Azizul Haque,Excellent,5,2025-06-30 09:36:43,positive,0.9998434782028198,1
com.google.android.apps.subscriptions.red,Google One,Mahrukh Afzal,fantastic,5,2025-06-30 09:30:17,positive,0.9998743534088136,1
com.google.android.apps.subscriptions.red,Google One,Md Rajib Khan,Loved 👍❤️🥰,5,2025-06-30 07:52:36,positive,0.9997703433036804,2
com.google.android.apps.subscriptions.red,Google One,Wai Phyo,Can't use,1,2025-06-30 06:28:50,negative,0.9822998642921448,2
com.google.android.apps.subscriptions.red,Google One,Liam Helleso,I love google! This app is just what I need! oh and I would hope google could see this,5,2025-06-30 03:40:50,positive,0.999566614627838,19
com.google.android.apps.subscriptions.red,Google One,Anshul,I did the payment still not able to access storage,1,2025-06-30 03:08:04,negative,0.9996306896209716,10
com.google.android.apps.subscriptions.red,Google One,Timothy Hughes,this app is Spam in my Gmail. this app should be banned from Google Play store,1,2025-06-30 01:32:44,negative,0.9994988441467284,16
com.google.android.apps.subscriptions.red,Google One,Rizan Sariul,nice apps,5,2025-06-30 00:43:22,positive,0.999850869178772,2
com.google.android.apps.subscriptions.red,Google One,Mithun Sah,excellent,5,2025-06-29 23:50:41,positive,0.9998434782028198,1
com.google.android.apps.subscriptions.red,Google One,Mohib Shohag,nice,5,2025-06-29 23:48:09,positive,0.9998552799224854,1
com.google.android.apps.subscriptions.red,Google One,Md.Sahadat Amin Babu,nice,5,2025-06-29 22:42:09,positive,0.9998552799224854,1
com.google.android.apps.subscriptions.red,Google One,humza,gmail account have no full acsses to me some one accses my gmail i complaint it make your aap remove or condumpt it strongly,1,2025-06-29 20:23:09,negative,0.9983249306678772,24
com.google.android.apps.subscriptions.red,Google One,Ndihi Tony,this app is very good,5,2025-06-29 19:14:33,positive,0.9998623132705688,5
com.google.android.apps.subscriptions.red,Google One,Valerie Jones,love it,5,2025-06-29 18:59:58,positive,0.99987530708313,2
com.google.android.apps.subscriptions.red,Google One,Audra Leonard,thumbs DOWN WORTHLESS APP OR TO MY PHONE A 2025 MOTO I BEEN PAYING FOR THIS THROUGH MY T-MOBILE ACCOUNT I WANT MY MONEY BACK!!!,1,2025-06-29 17:53:41,negative,0.9996786117553712,25
com.google.android.apps.subscriptions.red,Google One,Ya Za,I like it,5,2025-06-29 17:21:55,positive,0.99985933303833,3
com.google.android.apps.subscriptions.red,Google One,Arifsagor,Every one check 😏 Inshallah Good,5,2025-06-29 15:34:37,positive,0.996434211730957,6
com.google.android.apps.subscriptions.red,Google One,Tarun prasath,super,5,2025-06-29 14:47:07,positive,0.998783528804779,1
com.google.android.apps.subscriptions.red,Google One,Shahanaz Parvin,good,5,2025-06-29 14:17:55,positive,0.999816119670868,1
com.google.android.apps.subscriptions.red,Google One,PRABHASH CHANDRA,very Nice 👍,4,2025-06-29 12:55:56,positive,0.999857783317566,3
com.google.android.apps.subscriptions.red,Google One,Taylor John,facing difficulties trying to subscribe with my mobile money but not going through,1,2025-06-29 04:19:36,negative,0.9984826445579528,13
com.google.android.apps.subscriptions.red,Google One,Palash biswas,great service,5,2025-06-29 04:08:47,positive,0.9998434782028198,2
com.google.android.apps.subscriptions.red,Google One,Jerome Little,good,5,2025-06-29 03:13:35,positive,0.999816119670868,1
com.google.android.apps.subscriptions.red,Google One,Md Elias Ahmad,very good,5,2025-06-29 02:44:15,positive,0.9998520612716676,2
com.google.android.apps.subscriptions.red,Google One,prasanth r,"Google experience is very bad, they want money only for giving space. No option to pay by others and can't make payment if you are working abroad. No mail received just shows storage full.",1,2025-06-29 02:24:11,negative,0.9996296167373656,34
com.google.android.apps.subscriptions.red,Google One,Kavitha Kavitha,good,5,2025-06-29 02:16:18,positive,0.999816119670868,1
com.google.android.apps.subscriptions.red,Google One,Mohammed Farman,good,5,2025-06-28 23:06:03,positive,0.999816119670868,1
com.google.android.apps.subscriptions.red,Google One,Pamela D.,My due date is for the 3rd of EACH Month and this whomever it is that keeps trying to debit my account two weeks earlier is going to start paying for my overdrafts fees because I have a contract via Google email!!!! So if you do not want to have authorities look into the situation it better halt!! It's set for the 3rd of each month I expect it better get back in line to debit on time and date!! Pamela D. ASAP! cease!! One more thing it's not backing up like it says it's supposed to: Fix it or?,2,2025-06-28 23:02:01,negative,0.9997696280479432,100
com.google.android.apps.subscriptions.red,Google One,Brenda Summers (Panthera),Too Much of a problem with getting the damned thing straightened out. no where to reach help,1,2025-06-28 22:55:20,negative,0.999766767024994,17
com.google.android.apps.subscriptions.red,Google One,Lokendra Bdr Chand,"Very poor customer service. my baby mistakely subscription this appp so 124.99$ debit my bank account its incident payment. when I asked for a refund I was refused. In the email it tells you to turn on verification for all purchases to prevent this from happening. I checked my settings and this was already turned on, yet still this happened. Unacceptable that a refund is not granted in this situation. When this subscription expires I will be taking my custom elsewhere!",1,2025-06-28 20:42:56,negative,0.9996441602706908,81
com.google.android.apps.subscriptions.red,Google One,Nurhannah Saumay,PLEASE POH PAKI REFUND ANG PERA KO PAMBILI POH NG GAMOT KO YUN DIKO NAMAN ALAM NA NAG SUBSCRIBE AKO NA MAY BAYAD PLEASE POH PAKI BALIK ..,1,2025-06-28 15:05:09,negative,0.6711540222167969,28
com.google.android.apps.subscriptions.red,Google One,Nizam Uddin,special thanks,5,2025-06-28 15:05:09,positive,0.9998302459716796,2
com.google.android.apps.subscriptions.red,Google One,Jamal Kinnard,Great,5,2025-06-28 14:25:11,positive,0.9998630285263062,1
com.google.android.apps.subscriptions.red,Google One,Tara Layton,love it however sucks you have to pay for it 😞,5,2025-06-28 14:03:21,positive,0.9907265901565552,11
com.google.android.apps.subscriptions.red,Google One,Vinscent Vins,good,5,2025-06-28 13:51:56,positive,0.999816119670868,1
com.google.android.apps.subscriptions.red,Google One,Dipak kumar Mandal,subscription Lene main bahut problem ho raha hai 🤬🤬🤬,5,2025-06-28 12:01:22,negative,0.9940575361251832,9
com.google.android.apps.subscriptions.red,Google One,Victoria,Excellent app.,5,2025-06-28 11:22:30,positive,0.99984610080719,2
com.google.android.apps.subscriptions.red,Google One,Keely Watkins,Excellent thanks,5,2025-06-28 11:14:24,positive,0.9998558759689332,2
com.google.android.apps.subscriptions.red,Google One,MARIA WADE,Super Cool and Helpful Google One App is Wonderful 💯🤑,5,2025-06-28 09:00:13,positive,0.9998345375061036,10
com.zhiliaoapp.musically,"TikTok - Videos, Shop & LIVE",Mike A,"Pathetic comment moderation. All of a sudden nearly all my comments on videos are being folded, even for just wishing someone a nice weekend. Even my old comments going back a few months are now folded even though they weren’t before. Yet comments from others with flirty tones remain unfolded. Even creators have replied saying they don't understand why my comments get folded. Seems tiktok is discriminating and has singled me out for some unknown reason. This was once a good but sadly no longer",1,2026-05-02 18:04:26,negative,0.9941571950912476,85
com.zhiliaoapp.musically,"TikTok - Videos, Shop & LIVE",King King,l like this app very much,5,2026-05-02 18:03:48,positive,0.9996219873428344,6
com.zhiliaoapp.musically,"TikTok - Videos, Shop & LIVE",Zeeshan Dogar,its a good app 😊,3,2026-05-02 18:03:01,positive,0.9997825026512146,5
com.zhiliaoapp.musically,"TikTok - Videos, Shop & LIVE",Jackson Jido,Not bad,5,2026-05-02 18:02:58,positive,0.9995881915092468,2
com.zhiliaoapp.musically,"TikTok - Videos, Shop & LIVE",Salman Rajpoot,RANA SAB,5,2026-05-02 18:02:55,positive,0.9724398851394652,2
com.zhiliaoapp.musically,"TikTok - Videos, Shop & LIVE",Madiha Misbha,Amazing,5,2026-05-02 18:00:45,positive,0.999875545501709,1
com.zhiliaoapp.musically,"TikTok - Videos, Shop & LIVE",Zia Khan,🤍🌹,5,2026-05-02 17:57:57,negative,0.6970565915107727,1
com.zhiliaoapp.musically,"TikTok - Videos, Shop & LIVE",Malik Nawaz,my account can not working 😔,5,2026-05-02 17:54:16,negative,0.9997779726982116,6
com.zhiliaoapp.musically,"TikTok - Videos, Shop & LIVE",Owusu Boating Amos,superb,5,2026-05-02 17:44:20,positive,0.9998656511306764,1
com.zhiliaoapp.musically,"TikTok - Videos, Shop & LIVE",Mihael M,"permanantly banned me for apparently no reason, it said that my account is permanantly banned because i broke guidelines. it couldve atleast TOLD ME THE REASON also the app is really glitchy and i see alot of nsfw stuff on my fyp...(also i lost a 680 and 600 day streak because i got banned)",1,2026-05-02 17:42:47,negative,0.9996744394302368,54
com.zhiliaoapp.musically,"TikTok - Videos, Shop & LIVE",Roshan Das,love you,5,2026-05-02 17:39:18,positive,0.9998613595962524,2
com.zhiliaoapp.musically,"TikTok - Videos, Shop & LIVE",Fiyameta Fasil,"I love this app , like guys let's be real who hates this app.",5,2026-05-02 17:39:16,positive,0.9980958104133606,14
com.zhiliaoapp.musically,"TikTok - Videos, Shop & LIVE",Jay N,Please add a filter or search option for reposts and liked videos. It’s hard to find older ones without scrolling forever. Being able to sort by date would help a lot,5,2026-05-02 17:39:07,negative,0.9854779243469238,31
com.zhiliaoapp.musically,"TikTok - Videos, Shop & LIVE",Md Rony,I like tiktok,3,2026-05-02 17:38:19,positive,0.9978535771369934,3
com.zhiliaoapp.musically,"TikTok - Videos, Shop & LIVE",Monia Jaffar,The best and best application in the world and the videos in Tik Tok are beautiful and fun,5,2026-05-02 17:38:15,positive,0.9998927116394044,18
com.zhiliaoapp.musically,"TikTok - Videos, Shop & LIVE",Habibullah Islam,why not create account,5,2026-05-02 17:37:21,negative,0.9982459545135498,4
com.zhiliaoapp.musically,"TikTok - Videos, Shop & LIVE",Raju Khan,very nice and easy app,5,2026-05-02 17:22:26,positive,0.9998550415039062,5
com.zhiliaoapp.musically,"TikTok - Videos, Shop & LIVE",Rohan Ali,Nice app,5,2026-05-02 17:20:56,positive,0.9998061060905457,2
com.zhiliaoapp.musically,"TikTok - Videos, Shop & LIVE",MD Jakir Hossan,nice ❤️❤️,5,2026-05-02 17:20:05,positive,0.999842405319214,2
com.zhiliaoapp.musically,"TikTok - Videos, Shop & LIVE",Ivan,Banning commenting for 7 days for such ridicolus reasons and you have nowhere to appeal or.explaing your reasoning,1,2026-05-02 17:17:39,negative,0.999784529209137,18
com.zhiliaoapp.musically,"TikTok - Videos, Shop & LIVE",Mano Malik,my TikTok is open too late and when I make any video TikTok is back plz TikTok team help me for this problem,2,2026-04-30 23:57:06,negative,0.9982218146324158,23
com.zhiliaoapp.musically,"TikTok - Videos, Shop & LIVE",Syed Suliman,its very good app for earning and time pass and for every thing,5,2026-04-30 23:54:22,positive,0.999679684638977,13
com.zhiliaoapp.musically,"TikTok - Videos, Shop & LIVE",Arham Khanam,Oh my app,5,2026-04-30 23:52:21,positive,0.9937745332717896,3
com.zhiliaoapp.musically,"TikTok - Videos, Shop & LIVE",Nardos Dinberu,and this app my favorit app😀😀😀😀😀😀😀😀😀😀😀😀😀😀😀😀😀😀😀😀😀😀😀😀😀😀😀😀😀😀😀😀😀😀😀😀,5,2026-04-30 23:50:34,positive,0.838688850402832,6
com.zhiliaoapp.musically,"TikTok - Videos, Shop & LIVE",Azza taba,"I'm currently scared. my fyp searches are sus 18+ which. ""I never searched"" Please. tiktok remove these 😭",1,2026-04-30 23:49:20,negative,0.9974998831748962,18
com.zhiliaoapp.musically,"TikTok - Videos, Shop & LIVE",Faizan Khan,good,1,2026-04-30 23:45:25,positive,0.999816119670868,1
com.zhiliaoapp.musically,"TikTok - Videos, Shop & LIVE",Nadeem Bukhari,so lazy,5,2026-04-30 23:45:25,negative,0.9997740387916564,2
com.zhiliaoapp.musically,"TikTok - Videos, Shop & LIVE",ABUBAKAR ISHAK,great job,4,2026-04-30 23:45:21,positive,0.999858856201172,2
com.zhiliaoapp.musically,"TikTok - Videos, Shop & LIVE",kethusegile Haingura,marvelous,5,2026-04-30 23:44:42,positive,0.9998685121536256,1
com.zhiliaoapp.musically,"TikTok - Videos, Shop & LIVE",Douglas Chirambaguwa,marvelous,5,2026-04-30 23:44:04,positive,0.9998685121536256,1
com.zhiliaoapp.musically,"TikTok - Videos, Shop & LIVE",Gomala gm Gm,I think it is good opportunity to keep viral in Nepal. my am is going to tiktok viral. I think I am viral to I content creator,5,2026-04-30 23:42:30,positive,0.9882627129554749,27
com.zhiliaoapp.musically,"TikTok - Videos, Shop & LIVE",Castro Solutions,Very Good,3,2026-04-30 23:41:27,positive,0.9998520612716676,2
com.zhiliaoapp.musically,"TikTok - Videos, Shop & LIVE",Mmasello Chauke,works faster,4,2026-04-30 23:34:15,positive,0.9996335506439208,2
com.zhiliaoapp.musically,"TikTok - Videos, Shop & LIVE",Md habibrw Rahiman,ভালো,5,2026-04-30 23:33:19,positive,0.7749524712562561,1
com.zhiliaoapp.musically,"TikTok - Videos, Shop & LIVE",Hasnat Hussain Srabon,Tik Tok is a fun app that I like a lot,1,2026-04-30 23:31:14,positive,0.999728262424469,11
com.zhiliaoapp.musically,"TikTok - Videos, Shop & LIVE",Oyedele Oluwanifemi,I love it,5,2026-04-30 23:28:53,positive,0.9998799562454224,3
com.zhiliaoapp.musically,"TikTok - Videos, Shop & LIVE",TerryA,excellent 👌,5,2026-04-30 23:28:39,positive,0.9998458623886108,2
com.zhiliaoapp.musically,"TikTok - Videos, Shop & LIVE",Roger Kearton,app keeps on stopping its a bloody waste of time,1,2026-04-30 23:26:57,negative,0.999584138393402,10
com.zhiliaoapp.musically,"TikTok - Videos, Shop & LIVE",Muhammad Abbas,good app,5,2026-04-30 23:26:20,positive,0.9998493194580078,2
com.zhiliaoapp.musically,"TikTok - Videos, Shop & LIVE",روح تائهة,some of the voice notes are not opening in the chat please fix it and i will give 5 stars.,3,2026-04-30 23:22:12,negative,0.9506025314331056,20
com.crunchyroll.crunchyroid,Crunchyroll: Anime Streaming,Kazu unii,You ain't getting a single cent from me,1,2026-05-02 17:55:51,negative,0.9992000460624696,8
com.crunchyroll.crunchyroid,Crunchyroll: Anime Streaming,DHANU NAIK,I don't like this app because it charges money for watching anime and at starting it said 7 Days free trail but after login of account it showing ₹119 for free trail + 1 month subscription so don't download this app this will upset you I am angry about this if the crunchyroll team reading this make the anime watching for free 😡😡😡😡😡😡😡😡😡😡😡😡😡,1,2026-05-02 17:54:13,negative,0.9986141920089722,63
com.crunchyroll.crunchyroid,Crunchyroll: Anime Streaming,John kyle Largo,I hate this cause you always have to pay like wth nah I'm just upset cause they're are non thing you could watch even without premium,1,2026-05-02 17:16:35,negative,0.999032735824585,26
com.crunchyroll.crunchyroid,Crunchyroll: Anime Streaming,Blixer,If you want people to stop pirating anime then give better service then those sites. Remember yall used to be a pirating website as well.,1,2026-05-02 17:10:23,negative,0.9957717061042786,25
com.crunchyroll.crunchyroid,Crunchyroll: Anime Streaming,narayan,everything is premium nothing free. uninstalling right now,1,2026-05-02 17:06:47,negative,0.9903145432472228,8
com.crunchyroll.crunchyroid,Crunchyroll: Anime Streaming,Tanpure Krushna,"The app is very great. I really loved it. I have small suggestion which could be helpful. Add Chinese donghua in your apps. like ""Battle through heavens"", ""Swallowed Star"", ""Soul land"" these are some of the famous donghua even i watch you can check it's Indian following through you tube channel like by Indians. Trust the can improve the app user if you were to add donghua. Like ""lord of mysteries"". I hope I get to watch these on your app with correct subtitles 😅",5,2026-05-02 16:41:17,positive,0.9988279938697816,85
com.crunchyroll.crunchyroid,Crunchyroll: Anime Streaming,Austin,Best anime app,5,2026-05-02 16:20:00,positive,0.999721348285675,3
com.crunchyroll.crunchyroid,Crunchyroll: Anime Streaming,Sujata Shigwan,good very good excellent I like this app most I love this app thank you,5,2026-05-02 16:13:53,positive,0.9998637437820436,15
com.crunchyroll.crunchyroid,Crunchyroll: Anime Streaming,Ammara Fatin,i just want to watch Toilet-Bound Hanako-Kun but theres a premium...i cant watch it..,1,2026-05-02 16:11:31,positive,0.6342496871948242,14
com.crunchyroll.crunchyroid,Crunchyroll: Anime Streaming,TCL SMART,This App is very good app but crunchyroll please remove premium only please.....,5,2026-05-02 15:55:55,positive,0.9487560987472534,13
com.crunchyroll.crunchyroid,Crunchyroll: Anime Streaming,Askarali Devanur,just have good,5,2026-05-02 15:47:12,positive,0.9998612403869628,3
com.crunchyroll.crunchyroid,Crunchyroll: Anime Streaming,Vibin Chakravarthy,in this I have completed five to seven anime this was good experience to me and thank you to crunchyroll,5,2026-05-02 15:46:28,positive,0.9997993111610411,20
com.crunchyroll.crunchyroid,Crunchyroll: Anime Streaming,Babajeeds,"Needs a lot of QOL improvements. I don't get why reviews are generally so high, it must be because of the monopoly CR has on anime over here. Recent update made the 10 second rewind buttons even smaller, and the timestamps too. App/Website has always been very clunky and archaic. There need to be feedback surveys with updates that fix all these issues, removing subtitles or switching languages should not restart my player, this can cause the stream to crash if I do it in sucession.",3,2026-05-02 15:44:06,negative,0.9996920824050904,86
com.crunchyroll.crunchyroid,Crunchyroll: Anime Streaming,Junayed Ashraf,just wanna say one single thing. first get all ep of an anime. that's the biggest thing I hate about Crunchyroll.,1,2026-05-02 15:27:43,negative,0.9970658421516418,21
com.crunchyroll.crunchyroid,Crunchyroll: Anime Streaming,Cole Thomas,"I thought that if you made an account you could watch something for an hour, IDK, and if you pay for premium you can watch anime. Ok. I have Data on my phone. In a Matter of 3 Hours I had used 6GB of Data, that was the most an app had pulled Data from me. I thank you for the free moth of anime and good bye.",2,2026-05-02 15:21:15,negative,0.907538115978241,68
com.crunchyroll.crunchyroid,Crunchyroll: Anime Streaming,JOKER GAMING 99,some animes are not there and some are banned in india tf,1,2026-05-02 15:12:31,negative,0.9987779259681702,12
com.crunchyroll.crunchyroid,Crunchyroll: Anime Streaming,Elliana Calliste,I hate crunchroll it is over priced and is shutting down free anime websites,1,2026-05-02 15:11:28,negative,0.9997307658195496,14
com.crunchyroll.crunchyroid,Crunchyroll: Anime Streaming,JaiRavi Group,i rate this app 5/5 but it's not free to watch anime in hindi that's the worst part of this app but still crazy app with the help of crunchyroll it's possible to watch anime in hindi nice app,3,2026-05-02 15:08:56,positive,0.9527475833892822,39
com.crunchyroll.crunchyroid,Crunchyroll: Anime Streaming,Shubham Pawar,sabse paise lootane Wala app Shanti se anime bhi dekhne dete sab app ko tod dalte Hain,1,2026-05-02 15:04:23,negative,0.9954794645309448,17
com.crunchyroll.crunchyroid,Crunchyroll: Anime Streaming,noubi wahengbam,crunchyroll I have subscribed as a mega fan yearly I couldn't use gpay I had to use my debit card there is no option no cancel autorenewal if I want to cancel next year please Reply to this and give me feedback to control my subscription and autopay,4,2026-05-02 15:00:50,negative,0.8336828947067261,48
com.crunchyroll.crunchyroid,Crunchyroll: Anime Streaming,Biswajit Taye,"I had a really great experience with Crunchyroll. This is my first time enjoying such high-quality audio and video at such an affordable price, and I’m genuinely impressed with the overall streaming performance. The platform has a wide variety of anime, and everything runs smoothly without major issues. However, one thing I would really like to see improved is the availability of Hindi-dubbed content. Most of the anime currently only have English subtitles, which can be a bit limiting for viewer",4,2026-04-30 23:59:40,positive,0.9990997314453124,81
com.crunchyroll.crunchyroid,Crunchyroll: Anime Streaming,Maria Isabel Manalo,it seems it is not loading like the usual this past few weeks.,4,2026-04-30 23:51:12,negative,0.9982718229293824,13
com.crunchyroll.crunchyroid,Crunchyroll: Anime Streaming,Goldbug923,how in the living hell does Naruto not have its dub on here.,4,2026-04-30 23:32:44,negative,0.99860280752182,13
com.crunchyroll.crunchyroid,Crunchyroll: Anime Streaming,Anima Roy,this app is best to watch anime,4,2026-04-30 23:06:21,positive,0.9923377633094788,7
com.crunchyroll.crunchyroid,Crunchyroll: Anime Streaming,Charity Zholomi,easy to use,5,2026-04-30 22:35:11,positive,0.9988542795181274,3
com.crunchyroll.crunchyroid,Crunchyroll: Anime Streaming,Itznannabruw Bruw,gets 1 start cuz its paid,1,2026-04-30 22:27:40,negative,0.977502167224884,6
com.crunchyroll.crunchyroid,Crunchyroll: Anime Streaming,Rajat,thanks for your response and the problem is solved.,5,2026-04-30 22:14:39,positive,0.997236967086792,9
com.crunchyroll.crunchyroid,Crunchyroll: Anime Streaming,Md. Abul Kashem Emon,Don't like it.,1,2026-04-30 22:03:47,negative,0.9979650974273682,3
com.crunchyroll.crunchyroid,Crunchyroll: Anime Streaming,Rowan Payne,It good,5,2026-04-30 22:01:54,positive,0.9998427629470824,2
com.crunchyroll.crunchyroid,Crunchyroll: Anime Streaming,Lourdes,"it's a great app to watch animes but there's A LOTTT of animes who's missing like Bleach, Kuroko no basket, Gintama (in French sub) and more, please crunchyroll can u add more animes?",4,2026-04-30 21:56:38,negative,0.997057318687439,33
com.crunchyroll.crunchyroid,Crunchyroll: Anime Streaming,Anita Gangurde,greediest anime website,1,2026-04-30 21:51:24,negative,0.9892401695251464,3
com.crunchyroll.crunchyroid,Crunchyroll: Anime Streaming,John Achon,This most recent update sucks. I liked it when I tilted the phone to landscape that show would take up the whole screen. This update makes it tiny then we have to expand it.,3,2026-04-30 21:43:28,positive,0.9040892124176024,34
com.crunchyroll.crunchyroid,Crunchyroll: Anime Streaming,matmat bagares,Bros shut down all the anime website,1,2026-04-30 21:35:36,negative,0.999535322189331,7
com.crunchyroll.crunchyroid,Crunchyroll: Anime Streaming,Lore Ax,keeps raising the cost of subscription for no reason and the new theater only anime takes from what they can offer and why I use their service and willingly not putting the dubs of old anime is just criminal for an anime streaming service,1,2026-04-30 21:12:04,negative,0.9992478489875792,44
com.crunchyroll.crunchyroid,Crunchyroll: Anime Streaming,Shubhang Kaushik,this site started as pirate site we supported we didn't say when it got paid but removing anime sites from u came from diabolical,1,2026-04-30 21:09:38,negative,0.9987165927886964,24
com.crunchyroll.crunchyroid,Crunchyroll: Anime Streaming,Mamta Shah khatri,Jhandu Paisa mang raha hai,1,2026-04-30 20:55:44,positive,0.6661964654922485,5
com.crunchyroll.crunchyroid,Crunchyroll: Anime Streaming,Zain Raza M.Ramzan,unless I buy premium no streaming it should be cashroll not crunchyroll,1,2026-04-30 20:52:19,negative,0.998577117919922,12
com.crunchyroll.crunchyroid,Crunchyroll: Anime Streaming,Krishna Paul,this is good but if all free then more good,5,2026-04-30 20:26:34,positive,0.9996567964553832,10
com.crunchyroll.crunchyroid,Crunchyroll: Anime Streaming,Anmau auuu,L capitalism,1,2026-04-30 20:04:48,negative,0.9654297232627868,2
com.crunchyroll.crunchyroid,Crunchyroll: Anime Streaming,Sumit Indi,I think you should have hired Voice actors for Lord of mysteries from UK who most of the time voices for soulsborne games. This could have made Lord of Mysteries so much better as the setting for this donghua was Lovecraftian horror in Victorian era.,1,2026-04-30 19:28:56,negative,0.9989922642707824,45
com.peacocktv.peacockandroid,Peacock TV: Stream TV & Movies,Susie Swain,12/2025 Can't even log in anymore. uninstalled reinstalled cleared and reclaired nothing works!!! 5/2026 Still the same issues. 😥,1,2026-05-02 07:19:45,negative,0.999651312828064,19
com.peacocktv.peacockandroid,Peacock TV: Stream TV & Movies,Len J,"Content is average, customer support is lacking. I get it free with my Walmart+, but would not pay retail for this.",2,2026-05-02 01:45:00,negative,0.9995265007019044,21
com.peacocktv.peacockandroid,Peacock TV: Stream TV & Movies,Caitlin Bird,The app used to work fairly well. Now its so glitchy. It's a miracle if it'll even open and play what you want to watch.,2,2026-05-02 01:39:47,positive,0.9992947578430176,25
com.peacocktv.peacockandroid,Peacock TV: Stream TV & Movies,Sky Walma,it takes to long just to install it,2,2026-05-02 00:41:07,negative,0.9986107349395752,8
com.peacocktv.peacockandroid,Peacock TV: Stream TV & Movies,Cordon Rogers,Absolute worst streaming service. iw watch more ads than show. these clowns literally put an ad 15 secs before credits of shows. I'll buy DVDs and VHS before using peacock,1,2026-05-01 15:40:28,negative,0.999799907207489,30
com.peacocktv.peacockandroid,Peacock TV: Stream TV & Movies,Jennifer Wisniewski,"WAS a good app, now it never loads on my phone.",4,2026-05-01 11:05:53,negative,0.9880929589271544,11
com.peacocktv.peacockandroid,Peacock TV: Stream TV & Movies,Derek Carttar,"""Give us more money so you won't see ads. Oh also, you'll still see ads."" What a nice business model.",1,2026-05-01 09:20:05,positive,0.9997101426124572,20
com.peacocktv.peacockandroid,Peacock TV: Stream TV & Movies,Donna Hughes,$169 A YEAR IS CRAZY !!!!!!,1,2026-05-01 05:10:24,positive,0.9060448408126832,6
com.peacocktv.peacockandroid,Peacock TV: Stream TV & Movies,Scott Berns,dolby vision is not working on Google tv streamer 4k . please fix now. not fixed still as of 04/20/26. going to update this review daily until it's fixed.,1,2026-05-01 04:59:24,negative,0.998862624168396,29
com.peacocktv.peacockandroid,Peacock TV: Stream TV & Movies,Stumpy,I WANT A REFUND WHO IS WITH ME! Mobile App has not been working for months.,1,2026-05-01 01:04:50,negative,0.9927944540977478,16
com.peacocktv.peacockandroid,Peacock TV: Stream TV & Movies,Light Ziegler,it's perfect it just dose work for people who are not smart enough to use any electronic lmfao,5,2026-04-30 21:20:14,positive,0.986707091331482,18
com.peacocktv.peacockandroid,Peacock TV: Stream TV & Movies,Lynnette Waller,"Why won't the ""Close Caption"" go off on all Peacock Show? It is most irritating. Can you help me with this please.!",3,2026-04-30 18:59:01,negative,0.998679220676422,22
com.peacocktv.peacockandroid,Peacock TV: Stream TV & Movies,Kerri Dreadi,we love this app. keeps me up on all my favorite shows,5,2026-04-30 17:56:07,positive,0.9998763799667358,12
com.peacocktv.peacockandroid,Peacock TV: Stream TV & Movies,Kari Vatch,"Ive updated the app, rebooted my phone and it still wont get past the Peacock screen and gives me an error, Something went wrong try again.",1,2026-04-30 14:06:21,negative,0.9973922967910768,26
com.peacocktv.peacockandroid,Peacock TV: Stream TV & Movies,Frankie Hanright,amazing commercials before the movie thats so cool,5,2026-04-30 12:09:31,positive,0.9995317459106444,8
com.peacocktv.peacockandroid,Peacock TV: Stream TV & Movies,C R,Paid extra for no commercials. Yet there's nonstop commercials. can't even get what I paid for. barely any content. waste of money. Tubi is way better than this garbage. and Tubi doesn't charge the insane prices this garbage does.,1,2026-04-30 09:42:03,negative,0.9991662502288818,39
com.peacocktv.peacockandroid,Peacock TV: Stream TV & Movies,Chels,Love the horror movie selection!,5,2026-04-30 08:23:08,positive,0.9998425245285034,5
com.peacocktv.peacockandroid,Peacock TV: Stream TV & Movies,Tyrone,"They are extorting me. I canceled in Pcock Jan2026 was sent a email ur subscription IS canceled every month since im charged. my CC is unable to verify whatever even though I sent them the email they allow the charge. So i had to cancel the card,why. then Peacock says cancel from the 3rd party. All a ploy to keep us in the loop of being robbed. they direct you here there no clear cut way to stop the bleeding. GIVE ME MY FULL RETURN .I am filing a complaint w AG,CA, FTC and OCC. this is illegal.",1,2026-04-30 02:17:57,negative,0.999680995941162,98
com.peacocktv.peacockandroid,Peacock TV: Stream TV & Movies,Micheal Smith,Good,5,2026-04-29 17:25:11,positive,0.999816119670868,1
com.peacocktv.peacockandroid,Peacock TV: Stream TV & Movies,Al Rayos,like it and I do have it,5,2026-04-29 08:35:19,positive,0.9998254179954528,7
com.peacocktv.peacockandroid,Peacock TV: Stream TV & Movies,Andrew,micro....,5,2026-04-29 03:51:58,positive,0.851872444152832,1
com.peacocktv.peacockandroid,Peacock TV: Stream TV & Movies,Brian Sweet,Version 7.4.30 *STILL* doesn't support 60FPS playback like it does on other platforms.,1,2026-04-29 01:59:42,negative,0.9989626407623292,13
com.peacocktv.peacockandroid,Peacock TV: Stream TV & Movies,Richard Defranzo,for $11 a month there should be no commercials that's why you're paying that much as long as I can watch supercross on Saturdays,5,2026-04-29 00:14:29,negative,0.9984729886054992,24
com.peacocktv.peacockandroid,Peacock TV: Stream TV & Movies,Joel Molina,Awesome,5,2026-04-28 23:48:38,positive,0.9998682737350464,1
com.peacocktv.peacockandroid,Peacock TV: Stream TV & Movies,Wynn Messenger,okkk,5,2026-04-28 13:13:44,positive,0.9312211871147156,1
com.peacocktv.peacockandroid,Peacock TV: Stream TV & Movies,Yota Gberry,trash. as I watch right now its froze for the 1000th time since I first downloaded it,1,2026-04-28 12:14:12,negative,0.9994958639144896,17
com.peacocktv.peacockandroid,Peacock TV: Stream TV & Movies,Kevin Thomas,I love this,5,2026-04-28 12:05:42,positive,0.9998819828033448,3
com.peacocktv.peacockandroid,Peacock TV: Stream TV & Movies,Melissa Hunsicker,We love Peacock.,5,2026-04-28 09:31:24,positive,0.9996987581253052,3
com.peacocktv.peacockandroid,Peacock TV: Stream TV & Movies,Kimberly Slabaugh,"Goat like, bro pd watch these ...the rise and fall of Reggie dinkins ......Vampire Diaries......Harry Potter.....the house wives of Atlanta...... Traitors UK......and Stumble.... these are the best shows.",5,2026-04-28 06:35:10,positive,0.998428761959076,28
com.peacocktv.peacockandroid,Peacock TV: Stream TV & Movies,George Andrews,"be aware, that they make it difficult to cancel your subscription, and they will still charge you 2 months after you cancel. would not recommend.",1,2026-04-28 05:25:32,negative,0.9933666586875916,25
com.peacocktv.peacockandroid,Peacock TV: Stream TV & Movies,Aliyya Lovelace,Great App love it 😀 ❤️,5,2026-04-28 05:23:06,positive,0.9995587468147278,6
com.peacocktv.peacockandroid,Peacock TV: Stream TV & Movies,Jeremy Brown,app won't go past stupid policy screen,1,2026-04-28 05:19:58,positive,0.7035334706306458,7
com.peacocktv.peacockandroid,Peacock TV: Stream TV & Movies,Mell Grace,buffer and skips way too much. this is the only app I have issues with. clearly an update is needed.,3,2026-04-28 03:49:57,negative,0.9995174407958984,20
com.peacocktv.peacockandroid,Peacock TV: Stream TV & Movies,Daniel Martin,"Can't get rid of picture in picture commentary on first movie I tried. Tried EVERYTHING even with help of Gemini. Garbage app deleted, account cancelled",1,2026-04-27 23:15:03,negative,0.9994685053825378,25
com.peacocktv.peacockandroid,Peacock TV: Stream TV & Movies,Timothy P,way too many ads for an app i am paying to use.,1,2026-04-27 14:52:13,negative,0.9997738003730774,12
com.peacocktv.peacockandroid,Peacock TV: Stream TV & Movies,James,cost to much should be free,1,2026-04-27 13:57:38,negative,0.9744362831115724,6
com.peacocktv.peacockandroid,Peacock TV: Stream TV & Movies,Quinton Gregory,"the 16 second ad the moment you open the app. I'm so over these greedy companies. I definitely have ad fatigue. will not support any company that forces you to watch ads even after you pay for no ads. Find ""other means"" to watch your shows and live TV, people. these companies are ridiculous.",1,2026-04-27 13:18:15,negative,0.9997748732566832,54
com.peacocktv.peacockandroid,Peacock TV: Stream TV & Movies,Steve W,Horrible controls for sports. Fast forward or rewind jumps you randomly to the start. Go live takes you back and sticks you there.,1,2026-04-27 13:02:00,positive,0.9989861845970154,23
com.peacocktv.peacockandroid,Peacock TV: Stream TV & Movies,David Oniszk,kept closing,1,2026-04-27 12:12:31,positive,0.9945690631866456,2
com.peacocktv.peacockandroid,Peacock TV: Stream TV & Movies,Siel C,Poor selection of anything wholesome,3,2026-04-27 09:53:48,negative,0.99974924325943,5
com.peacocktv.peacockandroid,Peacock TV: Stream TV & Movies,Cynthia Katzeek,Its an okay app but Paramount+ has a lot less ads and not as long in my past experience.,3,2026-04-27 03:04:22,negative,0.9871779680252076,19
com.peacocktv.peacockandroid,Peacock TV: Stream TV & Movies,Shannon Meahan,"UPDATE.. I had posted that roku kept taking money out of my account even though I thought it got canceled... and after a long battle to find out who was taking the money and several phone calls, 5, i finally got ahold of someone that knew what they were doing and located my account and got it canceled. only bad thing is, he wasn't able to go back but one month to credit my account and this was supposed to happen in January. so because of roku's mistake, I won't get peacock again.",2,2026-04-27 02:38:34,negative,0.997943103313446,93
com.peacocktv.peacockandroid,Peacock TV: Stream TV & Movies,Sandra Morgan,if you need to watch commercials then the app is pointless,1,2026-04-27 01:48:11,negative,0.999797523021698,11
com.peacocktv.peacockandroid,Peacock TV: Stream TV & Movies,Vanessa Rodríguez,Now you have to pay extra if you want to watch the same movies and series that have been avaliable for years.,2,2026-04-26 18:17:12,negative,0.9620640873908995,22
com.peacocktv.peacockandroid,Peacock TV: Stream TV & Movies,Julie Broussard,peacock is a scam,1,2026-04-26 13:14:22,negative,0.9995637536048888,4
com.peacocktv.peacockandroid,Peacock TV: Stream TV & Movies,sonia Cruz,it's always lagging or pausing every 30 seconds. Been like this the last couple years. Super annoying,1,2026-04-26 12:56:22,negative,0.999680519104004,17
com.peacocktv.peacockandroid,Peacock TV: Stream TV & Movies,M J,peacock sucks,1,2026-04-26 10:58:07,negative,0.997031569480896,2
com.peacocktv.peacockandroid,Peacock TV: Stream TV & Movies,Karina Alonso,"This streaming service is such garbage. This platform has so many bugs and crashes so many times, this really should be free. I have tried to be patient, but I'm canceling this service. It literally doesn't work on any device.",1,2026-04-26 10:42:58,negative,0.9997864365577698,40
com.peacocktv.peacockandroid,Peacock TV: Stream TV & Movies,Dylante Arce,gives alot of problems with payment subscription and more,1,2026-04-26 04:39:40,negative,0.9950019717216492,9
com.peacocktv.peacockandroid,Peacock TV: Stream TV & Movies,Danielle Renz,edit. here again it wont load on my phone this is ridiculous I cant login full stopped the app Un installed it told me my password was wrong reset my password and now it still won't let me log in and won't stop loading I pay for the premium please fix this issue,1,2026-04-26 04:09:18,negative,0.9933011531829834,53
com.peacocktv.peacockandroid,Peacock TV: Stream TV & Movies,Ed,This service sucks for what I have it for. Google says the Arsenal game is live on peacock. It is not. Why are other games not live on the app and only on USA live? Making me wait till the next day after 5pm to watch the game is frustrating.,1,2026-04-26 03:33:09,negative,0.9996635913848876,50
com.peacocktv.peacockandroid,Peacock TV: Stream TV & Movies,Christian Saavedra,this app sucks and so does this stupid company. it shows matches are on this app but its sometimes on USA which u cant watch unless u pay for cable. its inconsistent and stupid.,1,2026-04-26 02:45:25,negative,0.9997324347496032,34
com.peacocktv.peacockandroid,Peacock TV: Stream TV & Movies,Kyle Slaydon,"Price keeps increasing and some live events are now only available with ""premium"" plan. You get less and less for your money over time",1,2026-04-26 02:40:11,negative,0.998458981513977,24
com.peacocktv.peacockandroid,Peacock TV: Stream TV & Movies,IRON bagle,just dowloaded. wont load. suuuuucks,1,2026-04-26 02:14:31,positive,0.7977621555328369,5
com.peacocktv.peacockandroid,Peacock TV: Stream TV & Movies,Rita Hansen,I love this app. It's the only app I can get certain shows I have watched for years. I never have any streaming problems due to the app. Mine are caused by my internet provider. Thank you Peacock for all you do!,5,2026-04-26 00:48:58,positive,0.9967406392097472,42
com.peacocktv.peacockandroid,Peacock TV: Stream TV & Movies,Tara Tsuchida,I cannot believe this app jumped $30 extra this year. Now I gotta pay $110 for the year just for a basic plan. I will not be renewing this for another year. Absolutely not.,1,2026-04-25 19:31:39,negative,0.9997047781944276,34
com.peacocktv.peacockandroid,Peacock TV: Stream TV & Movies,Melody Hollinger,paid for 4 months of a bundle I couldn't access. Customer service unhelpful.,1,2026-04-25 12:34:45,negative,0.9988790154457092,13
com.peacocktv.peacockandroid,Peacock TV: Stream TV & Movies,Jim “KindredmSpirit” Overstreet,"Please fix it so a ps5 controller can be turned off when watching a show. All other show apps let us do that, so why don't you???",3,2026-04-25 04:44:03,negative,0.9986943602561952,27
com.peacocktv.peacockandroid,Peacock TV: Stream TV & Movies,Frank Hawk,not worth it.,2,2026-04-25 02:53:53,negative,0.9998005032539368,3
com.peacocktv.peacockandroid,Peacock TV: Stream TV & Movies,Susan Cleary,they didn't renew half of the shows I watch. FBI most wanted FBI international and Law and order organized crime. seriously one of the best out of the three law and orders barely watch peacock I have a free with Xfinity only reason I kept it,3,2026-04-25 01:16:37,positive,0.9919590950012208,46
com.peacocktv.peacockandroid,Peacock TV: Stream TV & Movies,Sherry Toland,we are getting billed 2x month why is this happening and how do I get hold of peacock,2,2026-03-31 23:47:35,negative,0.996199667453766,18
com.peacocktv.peacockandroid,Peacock TV: Stream TV & Movies,Rochelle Brown,"I paid for premium service with ads, and have not been able to watch any WWE Raw or Smackdown live shows. I've contacted support about the issue, but have not gotten a response yet. The two series I'm looking to watch have old episodes and nothing recent. I don't understand why WWE stated that in order to watch, we needed Peacock. But it doesn't work. ***UPDATE*** 3/30/2026. Still showing latest episode February 27,2026. I am not pleased having to wait a month to catch up on WWE Smackdown.",2,2026-03-31 15:16:27,negative,0.9992045760154724,88
com.peacocktv.peacockandroid,Peacock TV: Stream TV & Movies,Jade Thrasher,"I signed up at the cheapest plan, everything I wanted to watch was ""locked"". I upgraded to premium... it absolutely sucks. Playing a movie, I get 3 minutes worth of unskippable ads. Playing a show, I get long unskippable ads every 5 mins. This definitely isnt worth it",1,2026-03-31 15:14:49,negative,0.9914073348045348,48
com.peacocktv.peacockandroid,Peacock TV: Stream TV & Movies,Katie McGeever,very disappointed. wish I would've read the email more thoroughly. Had peacock in the past. I had no issues watching anything in the past. they sent me a email for $29.99 for the year which I've done in the past and was able to watch all content. after I signed up this time and went to watch a movie it was locked. went back to the email it only includes TV shows and bravo.no original content or movie. very disappointed and don't feel like what I paid now is worth it. cancelled my plan all ready.,2,2026-03-31 14:11:55,negative,0.9965211153030396,96
com.peacocktv.peacockandroid,Peacock TV: Stream TV & Movies,Vicki Stevenson,"I upgraded from Premium to Premium Plus on 3/28/26, but my devices say I still have the Premium plan, still have lots of ads on non-live programs. I was charged $16.99, but the plan did not actually change?",1,2026-03-31 13:58:27,negative,0.9951878786087036,38
com.peacocktv.peacockandroid,Peacock TV: Stream TV & Movies,Jaime Zermeño,Putting ads even when we pay to remove ads is stupid from this retarded service.,1,2026-03-31 13:31:43,negative,0.9997206330299376,15
com.peacocktv.peacockandroid,Peacock TV: Stream TV & Movies,Precious Creations,love this app,5,2026-03-31 12:21:27,positive,0.9998668432235718,3
com.peacocktv.peacockandroid,Peacock TV: Stream TV & Movies,Allen Trobaugh,a really good movie I didn't think it would be as good as the first twister but it was actually even better in a way,5,2026-03-31 11:55:11,positive,0.9993840456008912,25
com.peacocktv.peacockandroid,Peacock TV: Stream TV & Movies,Blue Dawg,It's totally unacceptable and the epitome of grifting that multi-veiw isn't available for all of the nba games. Totally unacceptable,1,2026-03-31 11:54:22,negative,0.9997802376747132,20
com.peacocktv.peacockandroid,Peacock TV: Stream TV & Movies,Jorge Gonzalez,uninstalling 😂,1,2026-03-31 11:12:53,negative,0.9864957928657532,2
com.peacocktv.peacockandroid,Peacock TV: Stream TV & Movies,Mz Brenda,I keep getting billed twice from peacock & my bank tells me there are two numbers from peacock charging my account I only had one account. I canceled it because I have no way of contacting anyone at Peacock. I did cancel on my TV my subscription & put stop payments from now on to this company. I will cancel my bank account with this bank if necessary to get Peacock to cancel any & all subscription to Peacock with my name & phone number since I have no idea where this 2nd account came from.,1,2026-03-31 10:50:40,negative,0.9997474551200868,96
com.peacocktv.peacockandroid,Peacock TV: Stream TV & Movies,Susan Willcox,excellent !!!,5,2026-03-31 09:53:27,positive,0.999865174293518,2
com.peacocktv.peacockandroid,Peacock TV: Stream TV & Movies,Kaylee Sharp,"20 minutes and can't even get it to load long enough to scroll through the options. It won't even stop buffering to click the show. Finally got it to click on a show, and now it started and froze. Haven't even made it 30 seconds in. Don't have this issue with any other apps, not even the free one. don't waste your money",1,2026-03-31 02:54:21,negative,0.992320954799652,63
com.peacocktv.peacockandroid,Peacock TV: Stream TV & Movies,Jamie Rose Cavey,Love it easy to download shows to watch when you are bored. And don't have Wi-Fi or your data.,5,2026-03-31 02:33:13,positive,0.554863452911377,19
com.peacocktv.peacockandroid,Peacock TV: Stream TV & Movies,Trevonna Jackson,great app,5,2026-03-30 23:24:48,positive,0.999821126461029,2
com.peacocktv.peacockandroid,Peacock TV: Stream TV & Movies,Joyce MacArthur,we are enjoying the new app and it works in all the rooms.,5,2026-03-30 16:31:13,positive,0.9998289346694946,13
com.peacocktv.peacockandroid,Peacock TV: Stream TV & Movies,Jay wood,can't watch basketball won't connect thanks peacock!,1,2026-03-30 13:53:23,negative,0.9977108240127563,7
com.peacocktv.peacockandroid,Peacock TV: Stream TV & Movies,N M,still glitchy!,1,2026-03-30 13:15:49,negative,0.9911466240882874,2
com.peacocktv.peacockandroid,Peacock TV: Stream TV & Movies,Toni Salinas,you are terrible and don't work when given for free with Walmart membership! its stupid hard to figure out i am hating you totally right now! don't use people if you have it free with Walmart!,1,2026-03-30 12:58:15,negative,0.999656081199646,36
com.peacocktv.peacockandroid,Peacock TV: Stream TV & Movies,Mitchell B,"You really need to rotate commercials once in a while. You show the same commercials every ad break. I've seen the psoriasis commercial 40 times today. Also, you need to fix your Xbox app. The entire app freezes at the end of the 90 seconds ads and won't return to the show. I've contacted support already and that went nowhere.",2,2026-03-30 12:33:49,negative,0.9996371269226074,60
com.peacocktv.peacockandroid,Peacock TV: Stream TV & Movies,derek hankins,it's great I love it,5,2026-03-30 12:08:15,positive,0.999874711036682,5
com.peacocktv.peacockandroid,Peacock TV: Stream TV & Movies,Jayden Simmons,it has good moives and it is cool,5,2026-03-30 10:40:31,positive,0.9998793601989746,8
com.peacocktv.peacockandroid,Peacock TV: Stream TV & Movies,Ayesha Andrews,You All Know What You All Did ... 👿,1,2026-03-30 09:44:17,positive,0.9979225993156432,9
com.peacocktv.peacockandroid,Peacock TV: Stream TV & Movies,D. L.,"Absolutely WORTHLESS!! I have Apple TV and saw the $19.99 bundle with peacock TV premium plus as a good deal. DON'T GET IT!! It's awful and after trying to get it to work for 2+ days, I cancelled and called Apple who immediately gave me a refund. The person helping said they have been getting calls constantly about the peacock app and not getting it to work so I was relieved to know I wasn't the responsible party. I tried every option I could find. NOTHING worked!! Worthless App!!!",1,2026-03-30 09:29:15,negative,0.9997618794441224,89
com.peacocktv.peacockandroid,Peacock TV: Stream TV & Movies,Kevin Smith,fixs bugs,1,2026-03-30 09:24:35,negative,0.9966214895248412,2
com.peacocktv.peacockandroid,Peacock TV: Stream TV & Movies,Julio Sanchez,I can't sign in terrible service,1,2026-03-30 07:44:36,positive,0.5671094655990601,6
com.peacocktv.peacockandroid,Peacock TV: Stream TV & Movies,Nicki Nexxt,"continue watching is tricky, not a fan of the search features.",3,2026-03-30 07:26:10,negative,0.9902312159538268,11
com.peacocktv.peacockandroid,Peacock TV: Stream TV & Movies,Holly Bradbury,paying to much for all this glitching and freezing.,2,2026-03-30 07:19:01,negative,0.989931344985962,9
com.peacocktv.peacockandroid,Peacock TV: Stream TV & Movies,Renata Lave,love it!,5,2026-03-30 06:04:39,positive,0.9998776912689208,2
com.peacocktv.peacockandroid,Peacock TV: Stream TV & Movies,David Walter,some shows revert automatically to subtitles with audio subscription for every episode ad free experiences and ad-free there's no warning. the content includes advertisements,1,2026-03-30 04:40:14,negative,0.9930232763290404,24
com.peacocktv.peacockandroid,Peacock TV: Stream TV & Movies,Connie Cagle,great app,5,2026-03-30 02:44:11,positive,0.999821126461029,2
com.peacocktv.peacockandroid,Peacock TV: Stream TV & Movies,Maggie Lenertz,"Unfortunately they have some shows I want, because this is genuinely the worst streaming app of the bunch. Besides the audio/visual not lining up half the time, the lengthy ads sometimes cause the app to crash (doesn't happen on normal content). The most annoying thing though is that instead of auto playing your show it'll redirect and autoplay some random garbage that clogs up my ""continue watching."" They probably get a kickback to autoplay shows that are underperforming.",1,2026-03-30 02:17:19,negative,0.9997835755348206,78
com.peacocktv.peacockandroid,Peacock TV: Stream TV & Movies,غنابري غنابري,La mejor aplicación,5,2026-03-30 00:01:15,positive,0.9601407051086426,3
com.peacocktv.peacockandroid,Peacock TV: Stream TV & Movies,Keith Bray,I don't like it because I have to pay to watch the videos,1,2026-03-29 12:25:40,negative,0.9974283576011658,13
com.peacocktv.peacockandroid,Peacock TV: Stream TV & Movies,Melissa Matkowski,good,5,2026-03-29 11:33:50,positive,0.999816119670868,1
com.peacocktv.peacockandroid,Peacock TV: Stream TV & Movies,Maria White,"Peacock offers some of the best movies and television series available on the air and streaming. Even soaps, if you are into those. One of the best perks for me is - I get it totally free through my purchase of the Walmart monthly delivery service; which, by the way, is offered to those on SNAP for nearly half price. Wow! Thanks Peacock for partnering with Walmart to give those of us struggling a break ; hopefully, a VERY short break, in the middle of all our troubles; to relax and veg out! 🥰",5,2026-03-29 11:19:42,positive,0.9982078075408936,94
com.peacocktv.peacockandroid,Peacock TV: Stream TV & Movies,David Poore,Too many ads.,3,2026-03-29 09:41:16,negative,0.9997451901435852,3
com.peacocktv.peacockandroid,Peacock TV: Stream TV & Movies,Countryboy Elliott 9fan,screen always goes blank,1,2026-03-29 09:38:20,negative,0.9997597336769104,4
com.peacocktv.peacockandroid,Peacock TV: Stream TV & Movies,Ryan Williams,No new or good content,1,2026-03-29 09:22:00,negative,0.9997411370277404,5
com.peacocktv.peacockandroid,Peacock TV: Stream TV & Movies,Candi LaBonte,"Love it, but its to expensive to keep the subscription. I got because it was 4.99 a month then it went to 7 then 8.99 now its 16.99 a mth. SMH everybody just trying to get and stay rich instead of providing quality products at a reasonable price.",1,2026-03-29 07:56:21,negative,0.9987438321113586,48
com.peacocktv.peacockandroid,Peacock TV: Stream TV & Movies,SunniBear Matin,Too expensive for me. I uninstalled it after reading about the plans. Enjoy each marvelous day now.,1,2026-03-29 07:52:30,positive,0.9977866411209106,17
com.peacocktv.peacockandroid,Peacock TV: Stream TV & Movies,Betty Truesdell,I do not want adds,1,2026-03-29 07:43:50,negative,0.9984610080718994,5
com.peacocktv.peacockandroid,Peacock TV: Stream TV & Movies,daniel gonzales,"Paid the extra for no ads but they still gave me damn near 2 minutes and 30 seconds of ads with every episode, that I couldn't skip. Would not recommend this app to anyone.",1,2026-03-29 06:34:37,negative,0.6684670448303223,34
com.peacocktv.peacockandroid,Peacock TV: Stream TV & Movies,linda vaughn,awesome I really loved this movie,5,2026-03-29 06:30:39,positive,0.9998806715011596,6
com.peacocktv.peacockandroid,Peacock TV: Stream TV & Movies,Ron Caudle,to many commercials,1,2026-03-29 05:06:01,negative,0.9433109760284424,3
com.peacocktv.peacockandroid,Peacock TV: Stream TV & Movies,Marcia,excellent,5,2026-03-29 03:43:30,positive,0.9998434782028198,1
com.peacocktv.peacockandroid,Peacock TV: Stream TV & Movies,Rachel Rohde,app is slow,1,2026-03-29 03:21:03,negative,0.9996325969696044,3
com.peacocktv.peacockandroid,Peacock TV: Stream TV & Movies,Cody Cox,"Great streaming, great shows and movies, Love the new Ted Series",5,2026-03-29 02:50:37,positive,0.9998695850372314,11
com.peacocktv.peacockandroid,Peacock TV: Stream TV & Movies,Davide Chavez,"Very awesome, I can stream NBC without TV provider.",5,2026-03-28 23:02:02,positive,0.9994458556175232,9
com.peacocktv.peacockandroid,Peacock TV: Stream TV & Movies,Stacie Phelps,peacock is great! Bravo amd movies are my favorite.,5,2026-03-28 21:07:41,positive,0.9998406171798706,9
com.peacocktv.peacockandroid,Peacock TV: Stream TV & Movies,Jennifer Calix,There's always something good to watch,5,2026-02-28 16:45:25,positive,0.9998849630355836,6
com.peacocktv.peacockandroid,Peacock TV: Stream TV & Movies,Stanley Lett,Too many commercials. A sixty plus second commercial is played every five minutes. On the play status bar it shows only four but there is much more. That many commercials and a monthly fee is ridiculous.,2,2026-02-28 15:43:33,negative,0.9996232986450196,36
com.peacocktv.peacockandroid,Peacock TV: Stream TV & Movies,J J,"literally the worst app ever!! waste of time and space. for this to be such a huge steaming platform, one would think it would at least work. Just to get the app to open i have to uninstall it every single time. I have not been able to watch one single thing. peacock yall really should do better. you should be ashamed of yourselves for having something that acts like this. if I could give zero stars, that what you really deserve. yall suck!",1,2026-02-28 14:59:43,negative,0.9998072981834412,84
com.peacocktv.peacockandroid,Peacock TV: Stream TV & Movies,"Andy, Andrew Abbitt",good stuff,4,2026-02-28 14:32:33,positive,0.99984872341156,2
com.peacocktv.peacockandroid,Peacock TV: Stream TV & Movies,Teri “Tree” Gram,i enjoy lots of programming here . peacock 🦚 offers a lot for everyone.,4,2026-02-28 14:26:33,positive,0.9997732043266296,14
com.peacocktv.peacockandroid,Peacock TV: Stream TV & Movies,Kris Lee,"so many options, so little time!",5,2026-02-28 14:22:51,negative,0.9318424463272096,6
com.peacocktv.peacockandroid,Peacock TV: Stream TV & Movies,Eric Williamson,rewind ff feature if using from pull down will zoom ahead like 3 minutes and put you in a commercial break. if a feature is useless you should remove it,2,2026-02-28 13:35:19,negative,0.9996296167373656,30
com.peacocktv.peacockandroid,Peacock TV: Stream TV & Movies,Colton Blanton,BRING BACK MY NINJAGO TO NETFLIX!!!,1,2026-02-28 13:23:08,positive,0.6718162894248962,6
com.peacocktv.peacockandroid,Peacock TV: Stream TV & Movies,Jj Valerio,worst app won't keep track of where you left out on shows then u stuck tripping to find the episode I stop watching to watch commercials over and over trying to figure out where to begin again don't waste your money,1,2026-02-28 12:06:36,negative,0.9997696280479432,41
com.peacocktv.peacockandroid,Peacock TV: Stream TV & Movies,Dan Cattell,xfinity free trial isn't working.,1,2026-02-28 12:01:43,negative,0.9997617602348328,5
com.peacocktv.peacockandroid,Peacock TV: Stream TV & Movies,Beverly Tyson,love it!!,5,2026-02-28 11:31:44,positive,0.9998821020126344,2
com.peacocktv.peacockandroid,Peacock TV: Stream TV & Movies,Britt H.,"It's a bit on the choppy side on mobile devices, but I still love it.",3,2026-02-28 11:16:14,positive,0.9997292160987854,15
com.peacocktv.peacockandroid,Peacock TV: Stream TV & Movies,ANDRE KITTS,"I love this app, when it works correctly. I'm unable to watch my local NBC channel on my T.V. What is up with that . 😡",2,2026-02-28 10:33:10,positive,0.9972617626190186,26
com.peacocktv.peacockandroid,Peacock TV: Stream TV & Movies,Bruce Ginkel,annoying interruptions super slow api lookups for thumbnails. cheap service. only subscribe because only way to watch my shows. otherwise poor experience,1,2026-02-28 08:59:19,negative,0.9997647404670716,22
com.peacocktv.peacockandroid,Peacock TV: Stream TV & Movies,Tamara Catt,peppa pig,5,2026-02-28 08:10:00,negative,0.995701014995575,2
com.peacocktv.peacockandroid,Peacock TV: Stream TV & Movies,Juls Hill,how the heck do I unsubscribe from Peacock? this should be a simple process,1,2026-02-28 07:41:39,negative,0.9982690811157228,14
com.peacocktv.peacockandroid,Peacock TV: Stream TV & Movies,Jon Matsumoto,Can't login thru mobile app (Samsung Galaxy Note 10),1,2026-02-28 07:34:19,negative,0.98380708694458,9
com.peacocktv.peacockandroid,Peacock TV: Stream TV & Movies,Katrina Souder,So many great shows! Love it!,5,2026-02-28 06:23:30,positive,0.9998795986175536,6
com.peacocktv.peacockandroid,Peacock TV: Stream TV & Movies,Amy Bigos,I cannot figure out how to stop gross and inappropriate ads. How are these things not censored when there's no choice for viewing?,1,2026-02-28 06:21:26,negative,0.9977351427078248,23
com.peacocktv.peacockandroid,Peacock TV: Stream TV & Movies,da man,you cant watch anything without premium,1,2026-02-28 05:25:06,positive,0.8086451292037964,6
com.peacocktv.peacockandroid,Peacock TV: Stream TV & Movies,Robert Windle,good show and movie selections.,5,2026-02-28 05:20:46,positive,0.9998621940612792,5
com.peacocktv.peacockandroid,Peacock TV: Stream TV & Movies,Jorge Garcia,"Peacock app is extremely buggy, unstable on all platforms, phone, smart TV, laptop, game console will need reboot to work. It will work for a bit then have issues, it will be slow and unresponsive. This is not a one off thing that happens every now and then. It is a reacting thing that happens damn near every time I use the app. I highly suggest optimizing this app with an update and test on multiple devices over at least 6 months before release. Subpar app for sure, shows are only good thing.",1,2026-02-28 03:34:32,negative,0.9927141070365906,93
com.peacocktv.peacockandroid,Peacock TV: Stream TV & Movies,Tony Zuniga,Ads on Premium? Really?,1,2026-02-28 03:18:30,negative,0.992644190788269,4
com.peacocktv.peacockandroid,Peacock TV: Stream TV & Movies,P Alexander,Would be nice to see the episode dates for t v shows quit,1,2026-02-27 21:22:30,negative,0.950662076473236,13
com.peacocktv.peacockandroid,Peacock TV: Stream TV & Movies,Sara,"This app won't even load to the main page. Only opens up to app logo. These companies need to start refunding people when their apps stop working, enough is enough.",1,2026-02-27 17:54:17,negative,0.9958561062812804,30
com.peacocktv.peacockandroid,Peacock TV: Stream TV & Movies,Cynthia Hart,the app is way too glitchy making you watch ads repeatedly to get back to your spot in the show. I'm about to cancel! not worth watching more ads than show!,1,2026-02-27 17:14:42,negative,0.9998063445091248,31
com.peacocktv.peacockandroid,Peacock TV: Stream TV & Movies,John Simmons,"Premier League, nuff' said.",4,2026-02-27 16:48:37,negative,0.8584941029548645,4
com.peacocktv.peacockandroid,Peacock TV: Stream TV & Movies,john sees,"plays Ads and never the movie. plays Ads then says playback error, then restarts the Ads all over. I been trying for 2 Hours to watch 1 Movie and I'm still getting Ads, playback error, then ads again. Time to call a Lawyer or Senator like Marsha Blackburn.",1,2026-02-27 13:51:31,negative,0.9994285702705384,48
com.peacocktv.peacockandroid,Peacock TV: Stream TV & Movies,TJ D,can't record. many pauses. poor choices. not worth anything.,1,2026-02-27 13:19:21,negative,0.99980229139328,9
com.peacocktv.peacockandroid,Peacock TV: Stream TV & Movies,L P,I don't like the hugh gaps in series,1,2026-02-27 12:12:07,negative,0.997497856616974,8
com.peacocktv.peacockandroid,Peacock TV: Stream TV & Movies,William Setoyant,"Can't wait for the season to stream freely with commercials ""Twisted Metal""!",4,2026-02-27 11:43:40,negative,0.9926901459693908,12
com.peacocktv.peacockandroid,Peacock TV: Stream TV & Movies,Dwayne Lefler,Way too high priced. Use it once a month and they want more than YouTube premium that I use everyday. Absolute trash company.,1,2026-02-27 11:25:45,negative,0.9994981288909912,23
com.peacocktv.peacockandroid,Peacock TV: Stream TV & Movies,Diane Susan Scruggs,😎,3,2026-02-27 11:03:39,negative,0.6970565915107727,1
com.peacocktv.peacockandroid,Peacock TV: Stream TV & Movies,Emmy Eluem,I need a super Mario Bros 2,5,2026-02-27 10:17:34,negative,0.9933770298957824,7
com.peacocktv.peacockandroid,Peacock TV: Stream TV & Movies,Matthew Haynes,Grat app best one yet 💪🏾💯💯💯,5,2026-02-27 07:46:10,positive,0.7283539772033691,6
com.peacocktv.peacockandroid,Peacock TV: Stream TV & Movies,Charles Leon Shafer,"Updated 5/6/'23, 2/26/'26| I have Peacock+ preinstalled on my Amazon Tablet, but I don't have WiFi at home.|KUDOS to the devs for this useful application.Thank you for the work you do.| 🇺🇦 SLAVA UKRAINE! 🔱 'NUFF SAID 🖖😎||",4,2026-02-27 04:48:53,positive,0.9950591325759888,38
com.peacocktv.peacockandroid,Peacock TV: Stream TV & Movies,The Blue Frog,Wasn't given Google points for the $16.99 I payed 10 day's ago for a month of service to be Ad Ad Free. So WHERE'S are my Google POINTS???,1,2026-02-27 03:46:57,negative,0.999255120754242,28
com.peacocktv.peacockandroid,Peacock TV: Stream TV & Movies,Lisa Parry,awesome,5,2026-02-27 01:48:58,positive,0.9998682737350464,1
com.peacocktv.peacockandroid,Peacock TV: Stream TV & Movies,Julia Gagliardi,my shows never start off when they left off. starts at rhw beginning every time.,1,2026-02-27 01:41:28,negative,0.6432824730873108,15
com.peacocktv.peacockandroid,Peacock TV: Stream TV & Movies,Gregory Romain,there are too many ads to be a paid for service,3,2026-02-26 23:28:10,negative,0.9995898604393004,11
com.peacocktv.peacockandroid,Peacock TV: Stream TV & Movies,Tammy “Sunny” G,this is the best subscription I ever got all my favorite shows are on it.,5,2026-02-26 21:04:36,positive,0.9985502362251282,15
com.peacocktv.peacockandroid,Peacock TV: Stream TV & Movies,Kenneth,Terrible ai generated subtitles for the Olympics. I got the deluxe plan and still got ads. I will never be subscribing to peacock ever again. What am I actually paying for here? Why are there 3 plans? Two of which include ads.,1,2026-02-26 16:15:30,negative,0.9987000226974488,42
com.peacocktv.peacockandroid,Peacock TV: Stream TV & Movies,Khadijah Niles,love it,5,2026-02-26 14:32:45,positive,0.99987530708313,2
com.peacocktv.peacockandroid,Peacock TV: Stream TV & Movies,Suzanne Irwin,Horrible. You can't watch anything because you can't get past the opening screen on the app. LOUSY!!!! AND I JUST PAID FOR IT AND CAN'T GET HELP FROM ANYONE!! WHAT A JOKE.,1,2026-02-26 14:19:39,negative,0.999688982963562,32
com.peacocktv.peacockandroid,Peacock TV: Stream TV & Movies,Jason Borges,"After experiencing playback problems, Peacock support helped me resolve the issue. Working great now.",5,2026-02-26 13:50:43,positive,0.9995181560516356,14
com.peacocktv.peacockandroid,Peacock TV: Stream TV & Movies,David Thompson,Great app!,5,2026-02-26 11:44:10,positive,0.9998462200164796,2
com.peacocktv.peacockandroid,Peacock TV: Stream TV & Movies,Joanne davis,really wish yall had left the olympics tab until at lest the end of the month. now I have to attempt to hunt down what I haven't watched yet because your add to my stuff button doesn't work right,2,2026-02-26 11:24:52,negative,0.9996953010559082,39
com.peacocktv.peacockandroid,Peacock TV: Stream TV & Movies,Cesar Armas,great tv app a must have,5,2026-02-26 05:12:45,positive,0.999701201915741,6
com.peacocktv.peacockandroid,Peacock TV: Stream TV & Movies,house na,too expensive for no commercials.,2,2026-02-26 04:53:30,negative,0.9974411725997924,5
com.peacocktv.peacockandroid,Peacock TV: Stream TV & Movies,Jordan,this is my last month with Peacock and I won't be subscribing again. this app CANNOT keep track of shows you're watching. I'm really tired of having to skip 3 or more episodes to get back to where I was. 👎,1,2026-02-26 04:25:59,negative,0.999549686908722,41
com.peacocktv.peacockandroid,Peacock TV: Stream TV & Movies,Kayla S,"Will not be paying for this service. Got a free trial and I'm so disappointed. The content variety is really nice and I love the live TV function. However the app is terrible. Autoplay does not work. I have turned it off and back on, cleared the cache and data for the app and still it doesn't work.. The ads are excessive. If the app doesn't save your place in an episode, expect to watch ads 2-3 times before getting back to where you were. EDIT: only bot replies to reviews. lazy & extra garbage.",2,2026-01-31 18:59:02,negative,0.9988054037094116,95
com.peacocktv.peacockandroid,Peacock TV: Stream TV & Movies,Nicole Taylor,love thwe movies,5,2026-01-31 18:04:35,positive,0.9996302127838136,3
com.peacocktv.peacockandroid,Peacock TV: Stream TV & Movies,Sean Porrata (Julipe),I can't sign in. button is greyed out,1,2026-01-31 16:26:55,negative,0.9997588992118835,8
com.peacocktv.peacockandroid,Peacock TV: Stream TV & Movies,Heather Peterson,ridiculous amount of commercials before you can even see if you have the right episode,1,2026-01-31 14:06:32,negative,0.9997028708457948,15
com.peacocktv.peacockandroid,Peacock TV: Stream TV & Movies,Michael Cahn,love it,5,2026-01-31 12:08:18,positive,0.99987530708313,2
com.peacocktv.peacockandroid,Peacock TV: Stream TV & Movies,Joseph Robers,"This app has a glitch, a known glitch, where you sometimes can't turn off the subtitles. You can set it to subtitles (off) and the subtitles persist. It's extremely frustrating and needs remedied. Otherwise five star app.",3,2026-01-31 11:46:32,negative,0.9933454990386964,37
com.peacocktv.peacockandroid,Peacock TV: Stream TV & Movies,Katherine Williams (KAT),EXCELLENT 👍 EVERYTHING ON PEACOCK &GREAT VALUE,5,2026-01-31 11:32:57,positive,0.9998480081558228,7
com.peacocktv.peacockandroid,Peacock TV: Stream TV & Movies,Larry Ciddio,Magnifico 🫵☝️✌️,5,2026-01-31 11:02:31,negative,0.5886307954788208,2
com.peacocktv.peacockandroid,Peacock TV: Stream TV & Movies,Terence Taylor,I don't like that.,5,2026-01-31 10:41:01,negative,0.9939900636672974,4
com.peacocktv.peacockandroid,Peacock TV: Stream TV & Movies,Olivia Bragg,use to love this app now I can't get through one episode of a show without it freezing while trying to load an add. especially on my TV,2,2026-01-31 09:50:54,negative,0.9899819493293762,28
com.peacocktv.peacockandroid,Peacock TV: Stream TV & Movies,Jacy,It's great,5,2026-01-31 08:31:30,positive,0.9998691082000732,2
com.peacocktv.peacockandroid,Peacock TV: Stream TV & Movies,Christopher Martin,"I am a premium subscriber. Your multiview for Summer Olympics and English Premiere League is just awesome! One, humble request: for your TDF and Vuelta coverage; could you consider multiview such that we can simultaneously see the breakaways and leaders, the chase group(s), the peloton and the group dropped by the peloton? It would also be cool to see pacing stats of the different groups. Keep up your kickass sports broadcasting.",5,2026-01-31 07:26:49,positive,0.9994487166404724,71
com.peacocktv.peacockandroid,Peacock TV: Stream TV & Movies,Jabron Smith,new experience first time using it,5,2026-01-31 03:05:38,positive,0.9983730316162108,6
com.peacocktv.peacockandroid,Peacock TV: Stream TV & Movies,Timothy Bennett,nice app,4,2026-01-31 00:22:26,positive,0.9998061060905457,2
com.peacocktv.peacockandroid,Peacock TV: Stream TV & Movies,War-yes Sanderson,love it,5,2026-01-30 23:39:47,positive,0.99987530708313,2
com.peacocktv.peacockandroid,Peacock TV: Stream TV & Movies,victor torres,Too many commercials..,2,2026-01-30 21:43:12,negative,0.999717891216278,3
com.peacocktv.peacockandroid,Peacock TV: Stream TV & Movies,Reggie Roark,good streaming app that is decently priced,5,2026-01-30 16:42:56,positive,0.9998241066932678,7
com.peacocktv.peacockandroid,Peacock TV: Stream TV & Movies,JameyGordon,love the streaming service the app is extremely awesome and a great price with no adds i am really happy with the app,5,2026-01-30 16:07:55,positive,0.9997681975364684,23
com.peacocktv.peacockandroid,Peacock TV: Stream TV & Movies,Charla Alexander,the app is hard to stroll and go to the show you want to see,1,2026-01-30 14:05:48,negative,0.9981826543807985,15
com.peacocktv.peacockandroid,Peacock TV: Stream TV & Movies,Angie Baker,I was hooked from first scene! Great series! loved it,5,2026-01-30 14:02:59,positive,0.9998595714569092,10
com.peacocktv.peacockandroid,Peacock TV: Stream TV & Movies,Will Stuekerjuergen,"always buffering, app on phone and on t.v. heavily disappointed with the quality of the service",2,2026-01-30 13:28:40,negative,0.9997565150260924,16
com.peacocktv.peacockandroid,Peacock TV: Stream TV & Movies,John Zeimet,Thank you very much!,5,2026-01-30 11:54:02,positive,0.9998501539230348,4
com.peacocktv.peacockandroid,Peacock TV: Stream TV & Movies,LaKisa Scates,app won't let me select sign in. I've uninstalled & reinstalled the app & still not working so why am I paying for something I can't use.,1,2026-01-30 11:03:11,negative,0.998936116695404,27
com.peacocktv.peacockandroid,Peacock TV: Stream TV & Movies,Mary Lynne Roda,awful trying to watch on my Vizio tv!,1,2026-01-30 10:54:56,negative,0.9997466206550598,8
com.peacocktv.peacockandroid,Peacock TV: Stream TV & Movies,Mattie McDonald,Search function is godawful. Often hard to find what you're looking for.,2,2026-01-30 10:03:08,negative,0.9988901019096376,12
com.peacocktv.peacockandroid,Peacock TV: Stream TV & Movies,Anthony Savoy,love this app,5,2026-01-30 10:01:27,positive,0.9998668432235718,3
com.peacocktv.peacockandroid,Peacock TV: Stream TV & Movies,Lauren Esveld,Can't even get into the app once I put all my information in. It just sits there and loads and loads. Waste of a subscription.,1,2026-01-30 09:02:52,negative,0.99979430437088,25
com.peacocktv.peacockandroid,Peacock TV: Stream TV & Movies,Tina Puff,sometimes it won't play anything and have to restart,4,2026-01-30 07:33:36,negative,0.9991844296455384,9
com.peacocktv.peacockandroid,Peacock TV: Stream TV & Movies,Ana Settles,I have had peacock well over 7 years at this point paying a high price for it and I find the player for the phone to be disappointing. If I minimize the player it disappears and I'm forced to reload. This takes away from the positive experience I was having. Please fix it.,2,2026-01-30 06:37:33,negative,0.999625325202942,53
com.peacocktv.peacockandroid,Peacock TV: Stream TV & Movies,Michael Aguilar,cannot get the picture on my phone,1,2026-01-30 05:58:34,negative,0.9994634985923768,7
com.peacocktv.peacockandroid,Peacock TV: Stream TV & Movies,Eren Yeager fidget Zeke Eren Yeager fidget Zeke,good,5,2026-01-30 03:26:29,positive,0.999816119670868,1
com.peacocktv.peacockandroid,Peacock TV: Stream TV & Movies,jennifer brinkman,they charge you the day AFTER you cancel service and then you can't get ahold of anyone to get your money back!!!,1,2026-01-30 03:23:19,negative,0.9902045726776124,22
com.peacocktv.peacockandroid,Peacock TV: Stream TV & Movies,Eunicia Juarez (Uni),Awesome,5,2026-01-29 20:52:39,positive,0.9998682737350464,1
com.peacocktv.peacockandroid,Peacock TV: Stream TV & Movies,HardHittah 505,I enjoy this app. lots of good movies from the past n present.,5,2026-01-29 14:24:33,positive,0.9998509883880616,13
com.peacocktv.peacockandroid,Peacock TV: Stream TV & Movies,M G,"(1/28/2026): I previously reported the same issues Zoe presented in her review. Now I'm having lagging issues when watching replays. I've been attempting to watch Men's Giant Slalom Day 1. put I on my TV, it kept buffering/lagging every 3-5 seconds. Maybe needs an update. Tried on my phone, worked for about 20 seconds before it started again but WORSE. Closed the app, started again. Same issue. A 1 minute downhill ski takes over 4 minutes to get through. Please fix by Olympics!!",2,2026-01-29 13:27:47,negative,0.9994805455207824,83
com.peacocktv.peacockandroid,Peacock TV: Stream TV & Movies,Katie TheStylist,I used to watch pescock all the time even upgraded to avoid ads. Now I have to upgrade again to avoid ads but the app never works takes forever to load if it does. Most of the time it just loads a black screen. I don't know the point why I keep paying for this app. I wish it would work correctly like before. I end up just paying to rent or own on prime to avoid the frustration of using peacock. Even trying to go through the internet browser is just as bad!,1,2026-01-29 13:06:59,negative,0.999755561351776,94
com.peacocktv.peacockandroid,Peacock TV: Stream TV & Movies,Andrew Brown,"Can't login on either of my devices, I get a login notification email but it skips back to the login screen",1,2026-01-29 12:57:11,negative,0.9990984201431274,21
com.peacocktv.peacockandroid,Peacock TV: Stream TV & Movies,Mark Mills,The Best App For Movies...,5,2026-01-29 12:50:09,positive,0.999840259552002,5
com.peacocktv.peacockandroid,Peacock TV: Stream TV & Movies,TheCookfamily01,"I am going to have to delete this app it has gotten too expensive from 7.99 to 12.99, im retired and cant afford it.",1,2026-01-29 09:42:41,negative,0.9995242357254028,24
com.peacocktv.peacockandroid,Peacock TV: Stream TV & Movies,Karina Eskelsen,I love Peacock!,5,2026-01-29 09:20:20,positive,0.999783217906952,3
com.peacocktv.peacockandroid,Peacock TV: Stream TV & Movies,valorie cruz,can hear it but not see picture,2,2026-01-29 09:05:53,positive,0.8251082301139832,7
com.peacocktv.peacockandroid,Peacock TV: Stream TV & Movies,Jean,love this show.,5,2026-01-29 08:47:56,positive,0.9998812675476074,3
com.peacocktv.peacockandroid,Peacock TV: Stream TV & Movies,Dana Bergeron,will not open,1,2026-01-29 08:38:16,negative,0.9996755123138428,3
com.peacocktv.peacockandroid,Peacock TV: Stream TV & Movies,Brenda Walker,Great,5,2026-01-29 08:26:28,positive,0.9998630285263062,1
com.peacocktv.peacockandroid,Peacock TV: Stream TV & Movies,john wicks,too many commercials,3,2026-01-29 07:50:26,negative,0.99960857629776,3
com.peacocktv.peacockandroid,Peacock TV: Stream TV & Movies,Deborah Clifford,New to this app. looking forward to the Olympics.,3,2026-01-29 07:29:30,positive,0.9994100332260132,9
com.peacocktv.peacockandroid,Peacock TV: Stream TV & Movies,Alfred Lopez,your ads are too long,1,2026-01-29 06:41:46,negative,0.999734103679657,5
com.peacocktv.peacockandroid,Peacock TV: Stream TV & Movies,Amanda Kayner,profound story,5,2026-01-29 06:19:56,positive,0.999858260154724,2
com.peacocktv.peacockandroid,Peacock TV: Stream TV & Movies,Tori Wright,Tori Wright Peacock is my favorite streaming service Very user friendly,5,2026-01-29 05:22:18,positive,0.9967820644378662,11
com.peacocktv.peacockandroid,Peacock TV: Stream TV & Movies,William A,It will not allow me to sign in. I have this streaming service thru my Walmart plan. I verified my account with the email that they sent to me and they are telling me that the email is incorrect. The very email that they sent my verification to. it is impossible to get any type of customer support.,1,2026-01-29 04:29:33,negative,0.9997382760047911,58
com.peacocktv.peacockandroid,Peacock TV: Stream TV & Movies,Joe G.,streaming bull,1,2025-12-31 22:38:49,negative,0.9684826135635376,2
com.peacocktv.peacockandroid,Peacock TV: Stream TV & Movies,christina f,I loved the movie the grinsh stole christmas,5,2025-12-31 18:43:39,positive,0.9995622038841248,8
com.peacocktv.peacockandroid,Peacock TV: Stream TV & Movies,Daniel Mickalonis,Peacock is awesome.,5,2025-12-31 18:03:16,positive,0.9998776912689208,3
com.peacocktv.peacockandroid,Peacock TV: Stream TV & Movies,Melissa Snow,it's got a lot of good content,5,2025-12-31 17:00:05,positive,0.9998732805252076,7
com.peacocktv.peacockandroid,Peacock TV: Stream TV & Movies,nathan townsend,loving this app,5,2025-12-31 15:26:51,positive,0.9998490810394288,3
com.peacocktv.peacockandroid,Peacock TV: Stream TV & Movies,TJ Z,says my device isnt supported but it worked last month,1,2025-12-31 15:17:32,negative,0.9977970123291016,10
com.peacocktv.peacockandroid,Peacock TV: Stream TV & Movies,Suzanna Garcia,it has Supernatural 🥰,5,2025-12-31 14:25:06,positive,0.9904900789260864,4
com.peacocktv.peacockandroid,Peacock TV: Stream TV & Movies,Raymond Williams,Terrible app. NBA games that can't even be streamed because the app doesn't load them. If it does load it goes right back to the home screen. So frustrating!,1,2025-12-31 14:22:59,negative,0.999567449092865,29
com.peacocktv.peacockandroid,Peacock TV: Stream TV & Movies,Bob,great I get to watch more games,5,2025-12-31 13:05:31,positive,0.9997496008872986,7
com.peacocktv.peacockandroid,Peacock TV: Stream TV & Movies,Bobby Burns,perfect,5,2025-12-31 12:16:26,positive,0.9998517036437988,1
com.peacocktv.peacockandroid,Peacock TV: Stream TV & Movies,Gene Potter,"story was ok, but lots of action, still fun to watch .",4,2025-12-31 09:39:43,positive,0.9998207688331604,12
com.peacocktv.peacockandroid,Peacock TV: Stream TV & Movies,Vincent Parra,love it.,5,2025-12-31 08:05:42,positive,0.9998770952224731,2
com.peacocktv.peacockandroid,Peacock TV: Stream TV & Movies,JULIAN MIRALLES,great,5,2025-12-31 07:19:39,positive,0.9998630285263062,1
com.peacocktv.peacockandroid,Peacock TV: Stream TV & Movies,Beaver Fan,Do not waste your money on this app!! Download the Pluto app and get all this SAME stuff for FREE!!,1,2025-12-31 06:52:53,negative,0.9833926558494568,20
com.peacocktv.peacockandroid,Peacock TV: Stream TV & Movies,Tim Tyler,it buffers more and never seems to update,2,2025-12-31 05:12:06,negative,0.9989089965820312,8
com.peacocktv.peacockandroid,Peacock TV: Stream TV & Movies,Fernando Ramirez,"worst streaming service of all time why even have a normal account option when you need the ""Premium"" to watch anything at all lol",1,2025-12-31 04:23:27,negative,0.999798595905304,24
com.peacocktv.peacockandroid,Peacock TV: Stream TV & Movies,Roosevelt Jackson Jr,I ❤️ it.,5,2025-12-31 03:07:49,negative,0.9727637767791748,3
com.peacocktv.peacockandroid,Peacock TV: Stream TV & Movies,Brenda Sanders,tried to watch the game the service was freezing.,2,2025-12-31 02:19:21,negative,0.998647391796112,9
com.peacocktv.peacockandroid,Peacock TV: Stream TV & Movies,Vicks Vasquez,is anyone else having trouble opening app? I can't open at all. I've Uninstalled and installed,1,2025-12-31 01:12:41,negative,0.9985356330871582,16
com.peacocktv.peacockandroid,Peacock TV: Stream TV & Movies,C C,I HATE SHOWS I DO NOT WANT TO WATCH BEING SHOVED DOWN MY THROAT!,1,2025-12-31 00:05:09,negative,0.986000120639801,14
com.peacocktv.peacockandroid,Peacock TV: Stream TV & Movies,Myra Morales,First it all I did not like it at all and too many interruptions.,1,2025-12-30 21:34:22,negative,0.9985395669937134,14
com.peacocktv.peacockandroid,Peacock TV: Stream TV & Movies,Fred C. Mindach II,"I really love Peacock TV! Try it on your mobile or tablet. If you do not like it, delete it. However, I love it. Watching on my Pixel 9 Pro XL. A great phone.",5,2025-12-30 18:45:43,positive,0.9989534616470336,34
com.peacocktv.peacockandroid,Peacock TV: Stream TV & Movies,Mike Bishop,"good programs but app constantly chokes, takes excessive time to load the & pauses while watching",2,2025-12-30 16:00:33,negative,0.9970019459724426,16
com.peacocktv.peacockandroid,Peacock TV: Stream TV & Movies,Christopher Davis,can't get it to work on my tv,2,2025-12-30 15:05:11,negative,0.9997054934501648,8
com.peacocktv.peacockandroid,Peacock TV: Stream TV & Movies,antonio williams,it's alright I just got it. I'm enjoying it so far,4,2025-12-30 15:00:38,positive,0.9998750686645508,11
com.peacocktv.peacockandroid,Peacock TV: Stream TV & Movies,minus148,"cool show,,",5,2025-12-30 15:00:08,positive,0.9998594522476196,2
com.peacocktv.peacockandroid,Peacock TV: Stream TV & Movies,Robert Jackson,"for some reason, I can't change my plan",2,2025-12-30 14:47:41,negative,0.9958160519599916,8
com.peacocktv.peacockandroid,Peacock TV: Stream TV & Movies,Ted Lockett,bad audio,3,2025-12-30 14:31:04,negative,0.9997863173484802,2
com.peacocktv.peacockandroid,Peacock TV: Stream TV & Movies,Yvonne Johnson,ugh too many commercials 🙄,3,2025-12-30 14:28:19,negative,0.999625563621521,5
com.peacocktv.peacockandroid,Peacock TV: Stream TV & Movies,Nicole Morrison-Shipp,"The app on my TV constantly freezes. Constantly! It is impossible to get through just one TV show. I have done all the normal troubleshooting with no improvement Please please fix this. We are planning to drop our paid service if it doesn't get better soon. I really don't want to want to, I like it, but why pay for something I can't use? Do not ask me to email you. This is a review, not a request for service.",1,2025-12-30 13:42:03,negative,0.9995367527008056,80
com.peacocktv.peacockandroid,Peacock TV: Stream TV & Movies,Barbie Grace,So much fun!,5,2025-12-30 13:30:14,positive,0.9998772144317628,3
com.peacocktv.peacockandroid,Peacock TV: Stream TV & Movies,Jesse Valentine-Glunz,"unable to update payment method since I changed cards. now I cant stream because my google account tells me to update on the app, the app tells me to update on Google account, and neither work",1,2025-12-30 12:18:43,negative,0.999687433242798,36
com.peacocktv.peacockandroid,Peacock TV: Stream TV & Movies,Will,fantastic!,5,2025-12-30 11:29:17,positive,0.999874711036682,1
com.peacocktv.peacockandroid,Peacock TV: Stream TV & Movies,Mark K,Losing a bunch of programming.,1,2025-12-30 10:44:44,negative,0.9997414946556092,5
com.peacocktv.peacockandroid,Peacock TV: Stream TV & Movies,mike larson,love it!!,5,2025-12-30 08:35:12,positive,0.9998821020126344,2
com.peacocktv.peacockandroid,Peacock TV: Stream TV & Movies,Trent Simon,hate ads? find a different platform.,1,2025-12-30 07:56:32,negative,0.9988056421279908,6
com.peacocktv.peacockandroid,Peacock TV: Stream TV & Movies,Ashlie Powers,love watching movies,5,2025-12-30 05:24:56,positive,0.9996730089187622,3
com.peacocktv.peacockandroid,Peacock TV: Stream TV & Movies,bsf0277,the app opens & runs on my TVs but will not open on my phone or tablet. it let's me enter my sign in information but never loads. this has been happening over a month now.,2,2025-12-30 03:23:53,negative,0.9977046847343444,36
com.peacocktv.peacockandroid,Peacock TV: Stream TV & Movies,Scott Stedman,You Can Watch Movies TV And Sports Events On This App.,5,2025-12-30 01:48:09,positive,0.872173547744751,11
com.peacocktv.peacockandroid,Peacock TV: Stream TV & Movies,Noel Ortiz,"pay to watch ads on a ""premium plan"" yes let's pay to keep watching ads cuz that's why streaming services exist , money hungry corps just take your money and y'all are letting them",1,2025-12-29 22:05:35,negative,0.9939358830451964,34
com.peacocktv.peacockandroid,Peacock TV: Stream TV & Movies,dan camp,Constant lag and also freezes Constantly. Stop asking for emails and just fix the problem. It's obvious an issue with everyone.,1,2025-12-29 16:51:22,negative,0.9993234872817992,21
com.peacocktv.peacockandroid,Peacock TV: Stream TV & Movies,Colby Narramore,WAY TOO MANY COMMERCIALS FOR A PAID APP,1,2025-12-29 16:40:44,negative,0.9997488856315612,8
com.peacocktv.peacockandroid,Peacock TV: Stream TV & Movies,Evan Klesius,I just want to login. I can't get a password reset email to work? it just spins when attempting to reset p.w or login,2,2025-12-29 15:18:25,negative,0.9984293580055236,24
com.peacocktv.peacockandroid,Peacock TV: Stream TV & Movies,Jay Dee,"This app is among the best buffer sims you can find. If you love paying for high speed internet but hate uninterrupted programming, look no further. Frequent interruptions provide ample time for: picking your nose, getting the mail, making a sandwich, or doing your taxes. If good things come to those who wait, get ready for an infinite amount of goodness. Patience builds resilience. Spend 10 minutes attempting to watch a game on this app and be amazed at how much adversity you'll overcome.",2,2025-12-29 14:46:54,positive,0.9861102104187012,84
com.peacocktv.peacockandroid,Peacock TV: Stream TV & Movies,Laura Herring,"Pay for this service to be able to watch football, it's horrendous. Constantly freezes and lags every single time. Definitely finding a better option.",2,2025-12-29 14:27:31,negative,0.9994224309921264,24
com.peacocktv.peacockandroid,Peacock TV: Stream TV & Movies,Thorin Berg,Your streaming quality on football games is horrible. I literally stopped watching the Sunday night game because of this buffering. It wouldn't go more than 5 minutes without buffering. Can't believe I actually paid for this at all. even the Packer game last night was horrible like seriously what kind of system are you running?,1,2025-12-29 14:27:24,negative,0.9995611310005188,55
com.peacocktv.peacockandroid,Peacock TV: Stream TV & Movies,Maulik Dave,This is the worst app I have ever used. I have paid subscription. still there are missing contents. still they're bunch of commercials everything.,1,2025-12-29 13:44:32,negative,0.9997875094413756,24
com.peacocktv.peacockandroid,Peacock TV: Stream TV & Movies,Ira Dugan-Tyson,the ads bro just insane too many I know I'm watching more ads then show.,1,2025-12-29 13:05:13,negative,0.9990660548210144,15
com.peacocktv.peacockandroid,Peacock TV: Stream TV & Movies,Adam Stuart,still not good,1,2025-12-29 12:51:48,negative,0.9997883439064026,3
com.peacocktv.peacockandroid,Peacock TV: Stream TV & Movies,wolf angel 1982,"I have had the app for 4 years and up until 3 months ago it worked fine, then all the sudden I'm logged out and can't get back in. my phone is literally timing out waiting for the app to let me in and it never does. Fix this or I'll cancel my plan and give my money to another streaming service",2,2025-12-29 12:50:40,negative,0.9995229244232178,62
com.peacocktv.peacockandroid,Peacock TV: Stream TV & Movies,elizabeth hughes,"the app doesn't work anymore I've Uninstalled and reinstalled I don't know how many times it does nothing: when I sign it bounces the balls for days; if it does sign in , it just sits on the peacock page who know the black one with just peacock on it. it goes no further. oh this for the phone app only",1,2025-11-30 23:15:04,negative,0.9980796575546264,61
com.peacocktv.peacockandroid,Peacock TV: Stream TV & Movies,Tarrah Rockwell,"I love this channel, they need to add it to the antenna stations just like channel 6 soaps, not everyone can afford cable to watch peacock, it be really nice to give bk to the community that supports your channel.",5,2025-11-30 17:30:40,positive,0.9980280995368958,40
com.peacocktv.peacockandroid,Peacock TV: Stream TV & Movies,Velia Val Halbert,This app has been a lifesaver.,5,2025-11-30 17:27:40,positive,0.9917020201683044,6
com.peacocktv.peacockandroid,Peacock TV: Stream TV & Movies,Sally Bates,"I enjoy watching one of my favorite shows, The Voice!",5,2025-11-30 15:09:34,positive,0.999637007713318,10
com.peacocktv.peacockandroid,Peacock TV: Stream TV & Movies,Brenda,Videos won't show..,1,2025-11-30 13:45:42,negative,0.993124783039093,3
com.peacocktv.peacockandroid,Peacock TV: Stream TV & Movies,Lucky Punk Productions - OneManBoxOffice,"So my family is on Premium, because it comes with Xfinity, and sure, I watch 3 minutes worth of ads just to watch the whole movie afterwards, which personally, I don't mind. But now they are baking promotional ads into the movie every 20 or so minutes that I have to skip past. Not only is this a new low, but it is beyond intrusive for paying customers. I myself will not be using this app again until this stops.",1,2025-11-30 12:29:15,negative,0.9981430768966676,80
com.peacocktv.peacockandroid,Peacock TV: Stream TV & Movies,LaNetta Love,Good choice of programs,5,2025-11-30 11:31:04,positive,0.9998470544815063,4
com.peacocktv.peacockandroid,Peacock TV: Stream TV & Movies,chris,i love peacock,5,2025-11-30 11:14:54,positive,0.9995748400688172,3
com.peacocktv.peacockandroid,Peacock TV: Stream TV & Movies,Tanya Manuel,good to watch good movies,5,2025-11-30 09:58:20,positive,0.9998663663864136,5
com.peacocktv.peacockandroid,Peacock TV: Stream TV & Movies,April Valerius,won't let me back in on my phone. I haven't used it on my phone in awhile so I guess it logged me out. I tried to log back in and it wouldn't let me in so I uninstalled it and when I try to log in it just has the color balls bouncing but gets stuck there.,1,2025-11-30 08:21:04,negative,0.9965803027153016,58
com.peacocktv.peacockandroid,Peacock TV: Stream TV & Movies,susie zawisza,"Impossible to unsubscribe. Peacock says talk to Roku. Roku says talk to Peacock. Neither service ""shows an account"" yet every month they take my money. Same shows every other streaming service has. This is the worst streaming service I've had. Save yourself the headache, just don't subscribe, free or otherwise.",1,2025-11-30 08:16:33,negative,0.9998106360435486,50
com.peacocktv.peacockandroid,Peacock TV: Stream TV & Movies,Orietta Nadal,great movies,5,2025-11-30 07:03:57,positive,0.9998416900634766,2
com.peacocktv.peacockandroid,Peacock TV: Stream TV & Movies,Ray Enigma,"hey Comcast... enough is enough... you need to do better... your paying customers deserve a better experience beyond that slop of garbage app you have... it looks like something out of the early 2000""s... remember that all of your content is online for free... but your customer base willingly chooses to pay you... to keep you in business... you need to do better... before its too late and you lose all your customers...",1,2025-11-30 04:18:59,negative,0.9991078972816468,73
com.peacocktv.peacockandroid,Peacock TV: Stream TV & Movies,Michael Rosenfeldt,"very unfortunate: removed black Friday sale. Broken on LGtv. No longer functional. Will not renew! Price went up too much to be competitive. Way too many tracking attempts, especially for a paid membership. Thankfully duckduckgo blocks them. Can't turn off auto play on Roku. Disgraceful and annoying,too bad bc the content is pretty good. 🤨",1,2025-11-30 03:57:16,negative,0.9984742999076844,55
com.peacocktv.peacockandroid,Peacock TV: Stream TV & Movies,OutlawCoast 3030,LOVE LOVE LOVE PEACOCK!!!!,5,2025-11-30 03:21:11,positive,0.9997803568840028,4
com.peacocktv.peacockandroid,Peacock TV: Stream TV & Movies,Will,Don't offer enough to justify their lowest price. Yikes,1,2025-11-30 03:20:04,negative,0.9992565512657166,9
com.peacocktv.peacockandroid,Peacock TV: Stream TV & Movies,J,the 90 second ADs are really good. I love paying for premium and receiving 5 to 35 ad breaks throughout a show.,1,2025-11-30 03:10:57,positive,0.9997815489768982,22
com.peacocktv.peacockandroid,Peacock TV: Stream TV & Movies,Chantel Lebsack,to many commercials,1,2025-11-30 03:05:34,negative,0.9433109760284424,3
com.peacocktv.peacockandroid,Peacock TV: Stream TV & Movies,Niru,Can't browse to see if you want to watch before paying. Will not pay just to look at what you have.,1,2025-11-30 02:52:40,positive,0.982379674911499,21
com.peacocktv.peacockandroid,Peacock TV: Stream TV & Movies,Ijanae Kirkwood sanders,it's not free 😒,1,2025-11-30 02:41:36,negative,0.9986024498939514,4
com.peacocktv.peacockandroid,Peacock TV: Stream TV & Movies,Robyn Campbell,it was the best my daughter loves it. was very easy to download and not very many ads good job peacock,5,2025-11-30 02:26:18,negative,0.993475377559662,21
com.peacocktv.peacockandroid,Peacock TV: Stream TV & Movies,Gregory Bracey,"For sports, less and less content is live. Would be helpful if replays were available sooner as it's difficult to avoid spoilers. Buffering problems happen often with this, but not other, streamers. Anytime you do any action, pause, rewind, etc., you have to watch more ads, which is not good when watching live content.",2,2025-11-30 02:18:25,negative,0.9994745850563048,54
com.peacocktv.peacockandroid,Peacock TV: Stream TV & Movies,Maddie Doyle,good price but don't have the team i want to watch,3,2025-11-30 01:21:35,negative,0.9719709753990172,11
com.peacocktv.peacockandroid,Peacock TV: Stream TV & Movies,Philp Carvajal,"basic plan with ads, each 4 min ads, really? I put 1 star all ads this app sucks!!",1,2025-11-29 16:23:00,negative,0.9995121955871582,18
com.peacocktv.peacockandroid,Peacock TV: Stream TV & Movies,MeandJC4ever Harris,"I canceled my subscription and it offered a deal to stay,every time I tried to accept it wanted full amount to be paid. I tried to get in touch with someone at customer service for over a week. Finally, through text good a rep. Said that wasn't offered. Customer service is horrific and if you can't pay to have customer service, you can keep your low rate app. Went with Paramount + that offers more and A+ customer service",1,2025-11-29 15:47:39,negative,0.9983614087104796,79
com.peacocktv.peacockandroid,Peacock TV: Stream TV & Movies,Alberta E. Dudley,Awesome product 5 stars I really enjoy this app 😊 100%,5,2025-11-29 14:07:10,positive,0.9997968077659608,11
com.peacocktv.peacockandroid,Peacock TV: Stream TV & Movies,frances maljevac,excellent movies,5,2025-11-29 11:29:16,positive,0.9998505115509032,2
com.peacocktv.peacockandroid,Peacock TV: Stream TV & Movies,Brian Wene,Great app for films & sports. Highly recommended for Great content!,5,2025-11-29 10:24:38,positive,0.9998565912246704,11
com.peacocktv.peacockandroid,Peacock TV: Stream TV & Movies,MarMar Waters,nice to having something good to watch on lunch,4,2025-11-29 09:44:41,positive,0.9997803568840028,9
com.peacocktv.peacockandroid,Peacock TV: Stream TV & Movies,Luke Justin,absolutely INSANE number of Ad interruptions. this should be criminal. greed greed greed over providing an enjoyable streaming experience. sub cancelled. never doing peacock again,1,2025-11-29 09:37:25,negative,0.9951285123825072,25
com.peacocktv.peacockandroid,Peacock TV: Stream TV & Movies,Olivia Byrd,"Didn't have issues until recently. I have deleted and reinstalled the app multiple times and changed my password numerous times as well. And regardless of signal/internet strength, the app just sits there after login. What's the point in having this app if I cannot log in???? May cancel my subscription...",2,2025-11-29 08:54:26,negative,0.9994778037071228,50
com.peacocktv.peacockandroid,Peacock TV: Stream TV & Movies,Teresa Clarke,"I have only one question, i like your app, I can watch anything from this streaming channel. how come you don't save the Macy's Thanksgiving day parade every year until Sunday? to me it's unfair and not right. I sometimes work on Thanksgiving day and sometimes I get too tired on Friday, the only day I'm available to watch it is on a Saturday. how come? 😢",4,2025-11-29 08:17:53,negative,0.999435007572174,67
com.peacocktv.peacockandroid,Peacock TV: Stream TV & Movies,Monserrate Velazquez,"Great variety, easy to use and very economical.",5,2025-11-29 06:11:57,positive,0.9998847246170044,8
com.peacocktv.peacockandroid,Peacock TV: Stream TV & Movies,Penny Stephens,"It cuts off the end of every single episode of every show I watch on this app. Absolutely ridiculous. Also, why in the world are there so many ad breaks? I can see that both of these things are a widespread problem. You have many one star reviews. How about spending some of the billions of dollars you make on making your platform watchable?",1,2025-11-29 06:01:16,negative,0.9995341300964355,64
com.peacocktv.peacockandroid,Peacock TV: Stream TV & Movies,Josh L,"horrible app, and ever worse company. Don't give them your hard earned money.",1,2025-11-29 05:37:06,negative,0.9997090697288512,13
com.peacocktv.peacockandroid,Peacock TV: Stream TV & Movies,Dakota,"Love the app. It runs smoothly. The layout is good. They got some exclusive shows and movies that I want.Overall, I recommend.I recommend that anybody gets the ad free version because I had suck",5,2025-11-29 02:47:31,positive,0.999398946762085,34
com.peacocktv.peacockandroid,Peacock TV: Stream TV & Movies,Tamara Balch,scamed,2,2025-11-29 01:50:00,negative,0.9976209998130798,1
com.peacocktv.peacockandroid,Peacock TV: Stream TV & Movies,Betty Dehart,"yuck, yes like torture. the commercials are the worst. same ads over and over. not gonna pay for full app because it is terrible, get a focus group or something to improve this.",1,2025-11-29 01:29:46,negative,0.9997987151145936,33
com.peacocktv.peacockandroid,Peacock TV: Stream TV & Movies,P L,app doesn't load and if it does you have to reset your password each time. useless to a person that needs to use when traveling. will be canceling,1,2025-11-29 00:48:10,negative,0.9997714161872864,28
com.peacocktv.peacockandroid,Peacock TV: Stream TV & Movies,Abeni Mebane,Never have any issues. Great app!,5,2025-11-29 00:44:24,positive,0.9981458187103271,6
com.peacocktv.peacockandroid,Peacock TV: Stream TV & Movies,Edward B,Buggy/Slow app. I constantly load the app up only to have to wait an extra minutes for it to sync my data and update my previously watched episode and half the time when I do wait it ends up reverting back to an episode I've already watched or I click a show and it just loads a completely different show. I like the content on Peacock but fix the dang app!!! You're a huge company.,2,2025-11-28 20:35:41,negative,0.9921889305114746,75
com.peacocktv.peacockandroid,Peacock TV: Stream TV & Movies,Jessica Jones,it's a good app with good shows on it. I would recommend this app to everyone,5,2025-11-28 17:27:42,positive,0.9998496770858764,16
com.peacocktv.peacockandroid,Peacock TV: Stream TV & Movies,Kisha Brock,I cant watch peacock from my Walmart subscription it's asking me to subscribe again why is this?,1,2025-11-28 15:22:20,negative,0.9988654851913452,17
com.peacocktv.peacockandroid,Peacock TV: Stream TV & Movies,Bruce Jarrett,Making me update payment and it’s a nightmare. Sent me to Apple Pay which did. Not work then to Google play which is trash and does not even show where you can pay.  What a joke,1,2025-11-28 15:13:58,negative,0.9998114705085754,36
com.peacocktv.peacockandroid,Peacock TV: Stream TV & Movies,Charles Carter,You pay money to watch advertisements,1,2025-11-28 15:08:37,negative,0.9888879656791688,6
com.peacocktv.peacockandroid,Peacock TV: Stream TV & Movies,keekee Perry,I love it,5,2025-11-28 15:03:25,positive,0.9998799562454224,3
com.peacocktv.peacockandroid,Peacock TV: Stream TV & Movies,M Brown,Can't even get a NFL Football game without upgrading 👎🏻,1,2025-11-28 14:28:57,negative,0.9982695579528807,10
com.peacocktv.peacockandroid,Peacock TV: Stream TV & Movies,clanwolfviper,No way to remove shows from continue watching,2,2025-11-28 14:10:21,negative,0.9993104934692384,8
com.peacocktv.peacockandroid,Peacock TV: Stream TV & Movies,Jon Powell,Couldn't close an old account due to inactive email. 👎,1,2025-11-28 13:24:46,negative,0.9981502294540404,10
com.peacocktv.peacockandroid,Peacock TV: Stream TV & Movies,Kaden Selzer,I like the office,5,2025-11-28 13:17:40,positive,0.9997316002845764,4
com.peacocktv.peacockandroid,Peacock TV: Stream TV & Movies,Lopassmore,easy to use,5,2025-10-31 20:05:00,positive,0.9988542795181274,3
com.peacocktv.peacockandroid,Peacock TV: Stream TV & Movies,Mr. Fortin,I'm still not a fan of paying for commercials.,1,2025-10-31 19:51:01,negative,0.9993613362312316,9
com.peacocktv.peacockandroid,Peacock TV: Stream TV & Movies,Andrew Cubbage,love it,5,2025-10-31 15:35:25,positive,0.99987530708313,2
com.peacocktv.peacockandroid,Peacock TV: Stream TV & Movies,Brian Canniff,buggy. only displays a logo on the screen after update.,1,2025-10-31 15:21:44,negative,0.9993571639060974,10
com.peacocktv.peacockandroid,Peacock TV: Stream TV & Movies,Tommy Pickles,it's just a scam.,1,2025-10-31 15:02:29,negative,0.9997091889381408,4
com.peacocktv.peacockandroid,Peacock TV: Stream TV & Movies,Libby Liston,"I can watch the office on my tv, I can watch it on my phone but as soon as I try to use my tablet, it says the show is unavailable to watch. I use my tablet most since I'm hardly home. Definitely was a waste of money to get the higher package.",1,2025-10-31 14:56:43,negative,0.9996798038482666,53
com.peacocktv.peacockandroid,Peacock TV: Stream TV & Movies,Abhishek Dikshit,too many ads on premium subscription,2,2025-10-31 13:04:08,negative,0.9994701743125916,6
com.peacocktv.peacockandroid,Peacock TV: Stream TV & Movies,Regina Latchford,so far I love it,5,2025-10-31 12:19:13,positive,0.9998825788497924,5
com.peacocktv.peacockandroid,Peacock TV: Stream TV & Movies,James Alexander,peacock decides to take my money $16.99 and did not allow me to use the device decided to Rob First Community Bank and give me a phone number for Google pay that doesn't even work & Google let me down along with its automated system AI could not even get me to the right place there is nobody that will answer from any number that is given for peacock ore for Google Foundation has frosted suing Google & peacock for Friday me from my social security check of a payment of $16.99 to Peacock no help,1,2025-10-31 11:56:55,negative,0.9994760155677797,96
com.peacocktv.peacockandroid,Peacock TV: Stream TV & Movies,ashley lafayette,I can't even watch anything I only hear the audio 😔,1,2025-10-31 11:56:15,negative,0.9918165802955629,11
com.peacocktv.peacockandroid,Peacock TV: Stream TV & Movies,Roselle Smith,Love it!!!,5,2025-10-31 10:27:35,positive,0.9998838901519777,2
com.peacocktv.peacockandroid,Peacock TV: Stream TV & Movies,Perfecto Guerra,I love it 😍😍😍,5,2025-10-31 09:42:26,positive,0.9998791217803956,4
com.peacocktv.peacockandroid,Peacock TV: Stream TV & Movies,Charley Brown,After canceling and deleting from my device . They kept taking my money . That is Theft . Today i loaded money for #YouTube Premium and immediately Peacock app took my money be carefully. WE keep getting fleeced by these thief's in America. Enough . Highway Robbery. Crooks,1,2025-10-31 09:38:34,negative,0.9954146146774292,48
com.peacocktv.peacockandroid,Peacock TV: Stream TV & Movies,Kyle Ching,too many commercials after buying the subscription,2,2025-10-31 09:13:59,negative,0.9997231364250184,7
com.peacocktv.peacockandroid,Peacock TV: Stream TV & Movies,Rico Wolford,Live NFL games?!,4,2025-10-31 08:24:38,negative,0.9513555765151978,3
com.peacocktv.peacockandroid,Peacock TV: Stream TV & Movies,Keltik91,"WAY TOO MANY ADS!!! For the money we're paying, we shouldn't have to sit through the absurd amount of ads that this app forces on you. It has so many ads, it makes the shows unenjoyable.",1,2025-10-31 08:13:43,negative,0.9985997080802916,36
com.peacocktv.peacockandroid,Peacock TV: Stream TV & Movies,Jorge Palafox,"Las películas no están en español y no sé cómo es que, si cobran 10 dólares por la suscripción, aún tengo que ver los anuncios. Eso es lo que menos me gusta de esta página.",1,2025-10-31 07:36:23,negative,0.9791437983512878,35
com.peacocktv.peacockandroid,Peacock TV: Stream TV & Movies,sarah Felsch,"this company is ridiculous in supporting ice commercials, pathetic. I only watch this network for stupid bravo shows and even those are terrible. I'll probably deactivate soon.",1,2025-10-31 06:10:27,negative,0.9997979998588562,27
com.peacocktv.peacockandroid,Peacock TV: Stream TV & Movies,Maithai B,keeps going out,1,2025-10-31 04:42:32,positive,0.9971734285354614,3
com.peacocktv.peacockandroid,Peacock TV: Stream TV & Movies,Adam Brewster,Adding a third tier to the subscription options so that commercials can be added to the premium option is just plain greedy.,1,2025-10-31 03:18:49,negative,0.9992966651916504,22
com.peacocktv.peacockandroid,Peacock TV: Stream TV & Movies,Cory Iwatsu,Of all the streaming services Peacock has the most buffering and resolution issues. I encounter this regardless of what device I am streaming on.,2,2025-10-31 03:06:20,negative,0.9901240468025208,24
com.peacocktv.peacockandroid,Peacock TV: Stream TV & Movies,Freddy Rodriguez,all about the money terrible app will not renew,1,2025-10-31 02:31:44,negative,0.999806821346283,9
com.peacocktv.peacockandroid,Peacock TV: Stream TV & Movies,Jennifer King,My show never starts where I left off when on my phone.,1,2025-10-31 02:06:03,negative,0.6914175152778625,12
com.peacocktv.peacockandroid,Peacock TV: Stream TV & Movies,Louie13G,it keeps closing by itself for what reason this notebook is not capable of downloading the AI that could help!!!,3,2025-10-30 16:14:52,negative,0.9997493624687196,20
com.peacocktv.peacockandroid,Peacock TV: Stream TV & Movies,Wes Sanders,Great App 10/10,5,2025-10-30 15:57:07,positive,0.9997519850730896,3
com.peacocktv.peacockandroid,Peacock TV: Stream TV & Movies,Tbone Ironhead,"viewing options are decent, but Every commercial break is a HIV ad. Oh and alot of ads 😱",2,2025-10-30 12:56:31,negative,0.995305597782135,18
com.peacocktv.peacockandroid,Peacock TV: Stream TV & Movies,Luis Solis,I downloaded this garbage app paid my subscription now I can't even get in watch anything. Thanks for stealing my money.,1,2025-10-30 11:46:01,negative,0.9988977909088136,21
com.peacocktv.peacockandroid,Peacock TV: Stream TV & Movies,Cedayshi Maxey,LOVE IT,5,2025-10-30 11:25:10,positive,0.99987530708313,2
com.peacocktv.peacockandroid,Peacock TV: Stream TV & Movies,Martha Vargas,Very good,5,2025-10-30 10:46:29,positive,0.9998520612716676,2
com.peacocktv.peacockandroid,Peacock TV: Stream TV & Movies,Austin King,unskippable ads is ridiculous,1,2025-10-30 09:50:54,negative,0.99966561794281,4
com.peacocktv.peacockandroid,Peacock TV: Stream TV & Movies,M acaroni n cheese,"basically non-functional. Barely opens before crashing, and when it DOES open it refuses to load most of the content on the page. Genuinely started sobbing earlier because I couldn't figure out what I had done to tank the functionality on the app, but it wasn't me.",1,2025-10-30 09:35:40,negative,0.998982846736908,46
com.peacocktv.peacockandroid,Peacock TV: Stream TV & Movies,Olivia Lescarbeau,"The fact that a subscription is required, and yet the website and app itself barely functions. This tells me I absolutely should NOT waste my time or money on this app, because clearly it is not going back into improving the company.",1,2025-10-30 01:48:34,negative,0.9987216591835022,42
com.peacocktv.peacockandroid,Peacock TV: Stream TV & Movies,Steve Bennett,"a lot of great shows I like without the annoying commercials,",5,2025-10-29 23:30:16,positive,0.9998290538787842,11
com.peacocktv.peacockandroid,Peacock TV: Stream TV & Movies,Janet Williams,great,5,2025-10-29 20:23:43,positive,0.9998630285263062,1
com.peacocktv.peacockandroid,Peacock TV: Stream TV & Movies,J 777,this platform doesn't allow me to use my gift card smh.,1,2025-10-29 14:47:11,negative,0.9994875192642212,11
com.peacocktv.peacockandroid,Peacock TV: Stream TV & Movies,sirena rohrbach,I love it has all my shows thank you,5,2025-10-29 14:44:49,positive,0.9998841285705566,9
com.peacocktv.peacockandroid,Peacock TV: Stream TV & Movies,Corye Kim,pay for service = spammed with ads AND the NBA games DO NOT EVEN LOAD. THIS SHOULD BE ILLEGAL. ofc asking me to farm my data too... kia if u see this i WILL NEVER purchase any of your cars because peacock is just spamming me with the same ad over and over and over,1,2025-10-29 14:16:45,negative,0.9997201561927797,55
com.peacocktv.peacockandroid,Peacock TV: Stream TV & Movies,m m,"PLEASE DO SOMETHING TO LEVEL THE VOLUME! Ads during NBA coast to Coast were a lot louder, and Apts have guidelines about that. The Play Store EDITOR'S need to know there is NO Ad Free on Plan available on Peacock. Even if you've passed a commercial break, and have to make a call, answer a msg,or whatever, away from their app, there'll be ads ready for you!! 😞",1,2025-10-29 14:01:21,negative,0.9950351715087892,68
com.peacocktv.peacockandroid,Peacock TV: Stream TV & Movies,Ashley Perrin,"So many of the movies don't have closed captions, it's become unwatchable for me.",2,2025-10-29 12:22:14,negative,0.998293936252594,14
com.peacocktv.peacockandroid,Peacock TV: Stream TV & Movies,Don Jones,the lagging is wild! I can't even watch a game without it skipping and lagging or buffering! if it continues I will cancel!,1,2025-10-29 11:58:59,negative,0.9994874000549316,23
com.peacocktv.peacockandroid,Peacock TV: Stream TV & Movies,James Hutcheon,"Used to be great value for money, and was arguably the best streaming service available. Greed has ruined this service, gotta love paying to watch ads. I will never recommend Peacock to anyone.",1,2025-10-29 11:57:08,negative,0.9732378721237184,33
com.peacocktv.peacockandroid,Peacock TV: Stream TV & Movies,Bousha,this app won't play when I'm away from home and watch it on my phone. My other apps play,1,2025-10-29 11:23:03,negative,0.9315241575241088,19
com.peacocktv.peacockandroid,Peacock TV: Stream TV & Movies,Ryan Shannon,Great,5,2025-10-29 10:26:48,positive,0.9998630285263062,1
com.peacocktv.peacockandroid,Peacock TV: Stream TV & Movies,Adam Jessie,Paid for premium and still have sit through ads.,2,2025-10-29 07:41:14,negative,0.993684709072113,9
com.peacocktv.peacockandroid,Peacock TV: Stream TV & Movies,D B,Pay 11 bucks monthly to watch 10 minutes of ads for movies bought second hand off Netflix.,1,2025-10-29 07:18:27,negative,0.9982265830039978,17
com.peacocktv.peacockandroid,Peacock TV: Stream TV & Movies,EVERETT HARRINGTON,super great,5,2025-10-29 05:02:46,positive,0.9998699426651,2
com.peacocktv.peacockandroid,Peacock TV: Stream TV & Movies,Joaquin Tiangco,"Piece of garbage. Customer service is a robot that won't even let you type out your problem or give you a way to speak to a person. They sell an Apple TV + Peacock bundle and if you don't have an iPhone anymore Apple basically makes it impossible to log in to your old Apple account, and Peacock will keep your money from the subscription by preventing you from talking to a real person.",1,2025-10-29 03:22:05,negative,0.997831165790558,74
com.peacocktv.peacockandroid,Peacock TV: Stream TV & Movies,Geneva Harsey,I pay for this and still have more ads than I would on Tubi,1,2025-10-29 02:59:05,negative,0.9944772124290466,14
com.peacocktv.peacockandroid,Peacock TV: Stream TV & Movies,Robert “Noratgang” Sands,Really I am willing to pay 16.99 for premium plus . And I can't watch all episodes. WOW I will just go back to 7.99 with ads. but at least I can watch all the episodes law n order aka or whatever. u guys need to figure it out . don't make any sense,1,2025-10-29 02:56:27,negative,0.9957537651062012,54
com.peacocktv.peacockandroid,Peacock TV: Stream TV & Movies,Fes “Big Poppa” Files,In my TOP 5 FAVORITE'S t.v. apps!!!,5,2025-10-28 19:22:40,positive,0.9984642267227172,7
com.peacocktv.peacockandroid,Peacock TV: Stream TV & Movies,Anthony DiCarlo,"you have to pay watch a tv shows, come on.. getting outrageous. now you have buy a plan.. you want the higher price. you get alot. basically it feels you dealing with no better. the other providers.",1,2025-09-30 22:02:46,negative,0.9949929118156432,37
com.peacocktv.peacockandroid,Peacock TV: Stream TV & Movies,Kevin Moore,They never renewed WWE programming and fought to keep what was already on the platform for older raw content. I find this very disrespectful to their costumes.,1,2025-09-30 19:27:17,negative,0.9996963739395142,27
com.peacocktv.peacockandroid,Peacock TV: Stream TV & Movies,Tina Grover,❤️❤️❤️❤️❤️❤️❤️❤️❤️❤️❤️❤️❤️❤️❤️❤️❤️❤️❤️,5,2025-09-30 16:55:52,negative,0.6970565915107727,1
com.peacocktv.peacockandroid,Peacock TV: Stream TV & Movies,Jordan Wittman,great,5,2025-09-30 15:32:30,positive,0.9998630285263062,1
com.peacocktv.peacockandroid,Peacock TV: Stream TV & Movies,JIDRAPH RURIGA Njoroge,It's Nice. It's just the wait for the premier League replays that doesn't work for me. With a little tweaking it might rival Apple TV for shows.,4,2025-09-30 11:59:46,negative,0.981867790222168,27
com.peacocktv.peacockandroid,Peacock TV: Stream TV & Movies,Ariel Weinberger,"Since the most recent update, I haven't been able to open the app. I even went so far as to uninstall the app and download it again - twice - and it still won't open. I used to watch peacock every day on my lunch break, but now I can't. Plus the amount of ads for a premium subscription is outrageous. I can understand at the beginning of a show or movie, but not throughout. This isn't cable. Why are my programs, especially movies, being interrupted with ads?",1,2025-09-30 10:30:14,negative,0.9865320324897766,88
com.peacocktv.peacockandroid,Peacock TV: Stream TV & Movies,Stan Todorov,"the stupidest, most unintuitive app from all the streamers.",1,2025-09-30 10:29:01,negative,0.9994747042655944,9
com.peacocktv.peacockandroid,Peacock TV: Stream TV & Movies,Melody Adams,"I pay for this service to be able to enjoy my down time without being disturbed, especially by spam or unwanted solicitation. None of my personal information should be shared. There should be an option and I thought paying for the highest plan would keep me safe. Frustrated.",1,2025-09-30 09:58:57,negative,0.9995332956314088,48
com.peacocktv.peacockandroid,Peacock TV: Stream TV & Movies,Michael Powell,"Just subscribe again after Much of being without that I would be able to see more movias well as other things, but I'm not satisfied I can do without then. Go back to watching what I've been watching.",2,2025-09-30 09:32:22,positive,0.891098141670227,38
com.peacocktv.peacockandroid,Peacock TV: Stream TV & Movies,echo adair,sucks..anytime u pause or exit it starts completely over its the most annoying thing ever doesn't matter how many updates you do,1,2025-09-30 08:46:38,negative,0.9990713596343994,22
com.peacocktv.peacockandroid,Peacock TV: Stream TV & Movies,Dangineer R,180 sec of ads before i can watch a movie. What is the point of paying for a streaming service in 2025? Ridiculous. Will def cancel soon.,1,2025-09-30 08:39:55,negative,0.9996386766433716,27
com.peacocktv.peacockandroid,Peacock TV: Stream TV & Movies,Jamie Ditmars,it won't let me sign in it just loads that's it,1,2025-09-30 08:30:25,negative,0.986369490623474,11
com.peacocktv.peacockandroid,Peacock TV: Stream TV & Movies,Christian Arce,its great,4,2025-09-30 06:55:23,positive,0.9998660087585448,2
com.peacocktv.peacockandroid,Peacock TV: Stream TV & Movies,Holly Furman,love it.,5,2025-09-30 06:03:57,positive,0.9998770952224731,2
com.peacocktv.peacockandroid,Peacock TV: Stream TV & Movies,Kennith Dutton,great app 👍,5,2025-09-30 02:37:22,positive,0.9993553757667542,3
com.peacocktv.peacockandroid,Peacock TV: Stream TV & Movies,John Scott,I am being charged twice for this app two different prices. the email says I am subscribed through Google play but when I look at my Google subscriptions it says I dont even have one let alone 2 subscriptions,1,2025-09-30 01:25:17,negative,0.9984184503555298,39
com.peacocktv.peacockandroid,Peacock TV: Stream TV & Movies,Chris O.,always blurry. glitches all the time. you can see them talking at times and no sound. pauses and loading constantly. This is the only streaming app I have that is this bad,1,2025-09-30 00:58:56,negative,0.9997630715370178,32
com.peacocktv.peacockandroid,Peacock TV: Stream TV & Movies,Ly T.,"Has some good content, but the app itself is unbearably glitchy and laggy. Multiple times per episode, there's an error that stops it from playing and I have to close down and restart the app. The 10 sec rewind button is extremely laggy. Half the time that I tap on what I was watching before to resume, it starts the episode from the beginning. It's also missing options, like ""play next episode"" only being available at the very very end of an episode and not at just any point like the Hulu app.",2,2025-09-30 00:56:48,negative,0.9997478127479552,93
com.peacocktv.peacockandroid,Peacock TV: Stream TV & Movies,Rickster,awesome,5,2025-09-30 00:50:19,positive,0.9998682737350464,1
com.peacocktv.peacockandroid,Peacock TV: Stream TV & Movies,Hugo Gonzalez,Advertising for ice?? keep it up and we'll stop our subscription. me and at least 10 people ik that dont support ice,1,2025-09-29 23:08:23,negative,0.999482274055481,22
com.peacocktv.peacockandroid,Peacock TV: Stream TV & Movies,CR Enterprises,it's frustrating when a TV show suddenly will not load on TVs and tablets. there's never any explanation or suggestions about how to resume watching my favorite show or what's going on. The Bots are never helpful. There is no listed number or email to call. The customer service is nonexistent.,1,2025-09-29 22:39:35,negative,0.9997946619987488,51
com.peacocktv.peacockandroid,Peacock TV: Stream TV & Movies,David Pule,I want to upgrade but I can't,1,2025-09-29 17:55:39,negative,0.9970768690109252,7
com.peacocktv.peacockandroid,Peacock TV: Stream TV & Movies,Lynn Hancock,love this movie app!,5,2025-09-29 17:15:23,positive,0.9998408555984496,4
com.peacocktv.peacockandroid,Peacock TV: Stream TV & Movies,Inktz,captions don't show up sometimes.,2,2025-09-29 15:31:36,negative,0.9941599369049072,5
com.peacocktv.peacockandroid,Peacock TV: Stream TV & Movies,Diana Bruen,Won't open. Uninstalled reinstalled allowed to reset password but still won't open.,1,2025-09-29 15:30:10,negative,0.9988920092582704,12
com.peacocktv.peacockandroid,Peacock TV: Stream TV & Movies,Latoye Britt,shows skip too much,3,2025-09-29 13:54:10,negative,0.9997019171714784,4
com.peacocktv.peacockandroid,Peacock TV: Stream TV & Movies,Scott Meadors,They are a rip-off! Will not allow you to cast to other tvs,1,2025-09-29 13:42:53,negative,0.999588668346405,13
com.peacocktv.peacockandroid,Peacock TV: Stream TV & Movies,dana grindeland,"just horrible. my wife and I had this service at home but they treated us like criminal imbeciles when trying to login to our remote devices that where supposed to be included in the ""plan"". screw you you corporate dinks!!",1,2025-09-29 13:09:43,negative,0.9993898868560792,40
com.peacocktv.peacockandroid,Peacock TV: Stream TV & Movies,David Scott,"The choice of shows sucks, all generic lame shows that seem like AI writes the scripts. Not worth the ripoff fee these crooks charge.",1,2025-09-29 12:58:54,negative,0.9998131394386292,24
com.peacocktv.peacockandroid,Peacock TV: Stream TV & Movies,Randy Seeley,I can't even log in thing just keeps loading and never opens up I have deleted and re added the app multiple times,1,2025-09-29 12:24:25,negative,0.9994497895240784,23
com.peacocktv.peacockandroid,Peacock TV: Stream TV & Movies,Quenna Robinson,never have anything to enjoy viewing until the bill is due... and it's time for a upgrade 😫,2,2025-09-29 10:16:23,negative,0.9981473684310912,18
com.peacocktv.peacockandroid,Peacock TV: Stream TV & Movies,Kyle Hackney,$30 a month for live and still have commercials. the rate of commercials is a bit excessive. on average every 10 minutes we get 60 to 70 seconds of commercials. little ridiculous.,2,2025-09-29 09:12:45,negative,0.9996412992477416,32
com.peacocktv.peacockandroid,Peacock TV: Stream TV & Movies,bmg50barrett,"absolutely choc full of ads. people, you pay for this. don't put up with this. pause the screen? ad. watch 4 minutes of a show? ad. look at a menu? ad.",1,2025-09-29 08:03:19,negative,0.99903404712677,31
com.peacocktv.peacockandroid,Peacock TV: Stream TV & Movies,Over the Top chop (nicelydone.nt),I don't know what happened but now I have to pay 5 dollars more to find what happen I've had it less than a week I don't want it anymore,1,2025-09-29 07:34:38,negative,0.9993815422058104,30
com.peacocktv.peacockandroid,Peacock TV: Stream TV & Movies,John Gorzelnik,can not watch,1,2025-09-29 06:31:02,positive,0.7738668322563171,3
com.peacocktv.peacockandroid,Peacock TV: Stream TV & Movies,X,better apps out there,1,2025-09-29 06:09:01,positive,0.948128342628479,4
com.peacocktv.peacockandroid,Peacock TV: Stream TV & Movies,Nate Jones,just doesn't work good enough,1,2025-09-29 04:56:16,negative,0.9997574687004088,5
com.peacocktv.peacockandroid,Peacock TV: Stream TV & Movies,James Preston,"They can't/won't give me my local nbc affiliate station. They demand your ISP geolocation to provide the local station rather than using your real geolocation. My ISP geolocation is about 200 miles away from me. Paramount Plus did a ""manual override"" of their system to fix the problem. peacock refused to fix the problem, saying it's my problem not theirs.",1,2025-09-29 03:52:43,negative,0.9993689656257628,60
com.peacocktv.peacockandroid,Peacock TV: Stream TV & Movies,MATTHEW VOLTOLINE,Love it.... The new Netflix and chill....,5,2025-09-29 03:46:12,positive,0.9998739957809448,7
com.peacocktv.peacockandroid,Peacock TV: Stream TV & Movies,Ken Mylon,unable to watch. discontinued service did not upgrade or able to see. did not want service.,1,2025-09-29 03:13:26,negative,0.9994233846664428,16
com.peacocktv.peacockandroid,Peacock TV: Stream TV & Movies,JEFF LOTTE,decent content but not $110 worth. I am outta here.,2,2025-09-29 03:10:20,negative,0.993952453136444,10
com.peacocktv.peacockandroid,Peacock TV: Stream TV & Movies,Dewayne Dunlap,out of town email,5,2025-09-29 02:21:26,negative,0.896160900592804,4
com.peacocktv.peacockandroid,Peacock TV: Stream TV & Movies,Edward Bartoszek,"❤️ Love the coverage of the Cycling Tours, most of them, as well as the old series from the past, for example the Waltons, etc.....Thank U P.S. Please 🙏 don't think U need to charge 💸💰 extra for this. Also I ❤️ love my Star Trek, Space, and Astronomy. again thanks 😊",5,2025-09-29 02:02:44,positive,0.999338448047638,52
com.peacocktv.peacockandroid,Peacock TV: Stream TV & Movies,Denzil Rout,horrible can't even see a anything on screen except controls. have audio but no picture.,1,2025-09-29 00:59:58,negative,0.999433934688568,15
com.peacocktv.peacockandroid,Peacock TV: Stream TV & Movies,Nakiema Wilson,im trying to pay my subscription and its not working,1,2025-09-29 00:55:51,negative,0.9997772574424744,10
com.peacocktv.peacockandroid,Peacock TV: Stream TV & Movies,Rusty Baker,"I enjoy the vast content available, love the sports I can watch.",5,2025-09-29 00:40:57,positive,0.9998767375946044,12
com.peacocktv.peacockandroid,Peacock TV: Stream TV & Movies,Ben Wyatt,terrible. since the update earlier this month can't use at all. the app would just stay on the peacock loading screen and do nothing. I Uninstalled and reinstalled and not same thing on the login screen. I put in the login info and it just stays loading and never does anything. left it on that screen for 30 minutes and nothing. fix your app 0 out 5 stars if it was an option,1,2025-09-28 22:13:20,negative,0.9995957016944884,73
com.peacocktv.peacockandroid,Peacock TV: Stream TV & Movies,Heather Simmons,too many ads and slow,1,2025-09-28 21:08:32,negative,0.9997792840003968,5
com.peacocktv.peacockandroid,Peacock TV: Stream TV & Movies,Christine Taylor Cook (Chris),Keeps giving an error message and not playing what I'm watching,1,2025-09-28 20:19:26,negative,0.9951165914535522,11
com.peacocktv.peacockandroid,Peacock TV: Stream TV & Movies,Tristan,"won't let me watch at all, every show just stays paused and I have good internet and good storage, still trying to figure it out",1,2025-09-28 20:05:35,negative,0.8823707699775696,25
com.peacocktv.peacockandroid,Peacock TV: Stream TV & Movies,Michael Leigh,Too many ads are in Spanish.,1,2025-08-31 22:56:07,negative,0.9992604851722716,6
com.peacocktv.peacockandroid,Peacock TV: Stream TV & Movies,EDGARDO DIAZ,the only thing I have to have to watch is WWE,5,2025-08-31 22:44:43,negative,0.9590380787849426,11
com.peacocktv.peacockandroid,Peacock TV: Stream TV & Movies,earnest plyler,none of the shows have been updated,1,2025-08-31 22:33:10,negative,0.999093532562256,7
com.peacocktv.peacockandroid,Peacock TV: Stream TV & Movies,Mike Szmahlo,Because it is absolutely fantastical. I'm on peacock more than I'm on any other app.,5,2025-08-31 18:32:18,positive,0.9998329877853394,15
com.peacocktv.peacockandroid,Peacock TV: Stream TV & Movies,Ash J.,why is the service being raised by $3? $10.99 a month to pay for a streaming service that still gives you ads is kind of wild. very disappointed with the increase,1,2025-08-31 14:14:32,negative,0.9992697834968568,31
com.peacocktv.peacockandroid,Peacock TV: Stream TV & Movies,jose frausto,been trying to resubscribe Google nor peacock could figure it out SMH!!!!,1,2025-08-31 12:53:59,negative,0.9992868304252625,12
com.peacocktv.peacockandroid,Peacock TV: Stream TV & Movies,Kevin P,"The logic in this series is like it's from the 80s. back before the Internet we didn't know any better. but now, the carbon monoxide build up so unrealistic. and the female FBI officer in the first episode she just shows the women in her kitchen her side arm and waits for her to throw the kettle before she draws her weapon. and at the end of this episode the guys is so superhuman strong he can crush the guys bones by hugging him. silly writing, good actors but silly writing.",1,2025-08-31 12:52:28,negative,0.9746984839439392,91
com.peacocktv.peacockandroid,Peacock TV: Stream TV & Movies,Nicole Ledwith,can't log in. it just loads and loads with nothing,1,2025-08-31 12:09:05,negative,0.9984244108200072,10
com.peacocktv.peacockandroid,Peacock TV: Stream TV & Movies,Nathan Wolfe,Not going to pay extra to stream something that is free on the TV. You're going to have ads anyway. The double dipping on customers is not okay and is in poor taste.,1,2025-08-31 10:24:34,negative,0.9997389912605286,33
com.peacocktv.peacockandroid,Peacock TV: Stream TV & Movies,Amanda Flolo,impossible to delete account or reach customer service,1,2025-08-31 10:06:56,negative,0.999578058719635,8
com.peacocktv.peacockandroid,Peacock TV: Stream TV & Movies,Michael Mathews,"Raised the price 5 dollars in 13 months. I'm done. You were the last straw. Because of you, I have canceled all my steaming apps. 200 dollars a month in my pocket. I have better things to do with that money than to give it to someone who can't read the room.",1,2025-08-31 09:48:54,negative,0.9996769428253174,52
com.peacocktv.peacockandroid,Peacock TV: Stream TV & Movies,Meagan Moye,this streaming app never disappointed me. im leaving due to wwe 🙄,5,2025-08-31 09:10:45,negative,0.6028407216072083,12
com.peacocktv.peacockandroid,Peacock TV: Stream TV & Movies,Alberto Noe,I love it!!!!!,5,2025-08-31 08:24:23,positive,0.9998786449432372,3
com.peacocktv.peacockandroid,Peacock TV: Stream TV & Movies,Anthony Weaver,Funny. Good action.,3,2025-08-31 08:23:55,positive,0.9998660087585448,3
com.peacocktv.peacockandroid,Peacock TV: Stream TV & Movies,No Google,zero stars you advertize on amazon prime..boycott peacock..and shame on you,1,2025-08-31 07:47:07,negative,0.999605119228363,11
com.peacocktv.peacockandroid,Peacock TV: Stream TV & Movies,Juan,great,5,2025-08-31 06:35:47,positive,0.9998630285263062,1
com.peacocktv.peacockandroid,Peacock TV: Stream TV & Movies,Lucky Thlrt33n,Not paying $110 to watch PL games only to see I have to wait 24hrs to see the replay. ESPN and Paramount+ offer near immediate replays.,1,2025-08-31 06:34:39,negative,0.988575518131256,26
com.peacocktv.peacockandroid,Peacock TV: Stream TV & Movies,ThomasJ,Joke and waste of money! Try turning on subtitles for Twisted Metal.... Guess what they don't work. They are doing nothing to fix the issue. But you still pay for peniscockchoad. Terrible service. Don't waste your time or money. You can't watch what you want how you want. Disgusting app developers who can't enable subtitles for hearing impaired people. What a joke of a dev team. Peacock is the worst streaming platform ever. Losers! Wish I could give 0 or negative stars!,1,2025-08-31 06:15:04,negative,0.9997708201408386,82
com.peacocktv.peacockandroid,Peacock TV: Stream TV & Movies,Lucid ostrum,taken away episodes of the fight of a series I was watching and taken the specials,1,2025-08-31 05:33:16,negative,0.9973334074020386,16
com.peacocktv.peacockandroid,Peacock TV: Stream TV & Movies,Marcelo Garcia,👍,5,2025-08-31 04:50:43,negative,0.6970565915107727,1
com.peacocktv.peacockandroid,Peacock TV: Stream TV & Movies,Michael Clark,awesome pick for everything.,5,2025-08-31 04:36:52,positive,0.9998648166656494,4
com.peacocktv.peacockandroid,Peacock TV: Stream TV & Movies,aracely estrada,"I always praised peacock for its free shows and movies even though they still had ads, now I have to upgrade to watch shows that were free AND the upgrade still comes with ads? yea no way.",1,2025-08-31 03:57:39,negative,0.9956929087638856,37
com.peacocktv.peacockandroid,Peacock TV: Stream TV & Movies,Joy Brown,canceled 5 times and you're still taking money out my account,1,2025-08-31 02:30:37,negative,0.997802436351776,11
com.peacocktv.peacockandroid,Peacock TV: Stream TV & Movies,Devin McCrorey,enjoying watching but not a fan of the sports selection,3,2025-08-31 02:08:59,positive,0.92671138048172,10
com.peacocktv.peacockandroid,Peacock TV: Stream TV & Movies,Cameron Monyelle,can't turn off subtitles,2,2025-08-31 01:46:57,positive,0.9946257472038268,4
com.peacocktv.peacockandroid,Peacock TV: Stream TV & Movies,The Fox,"The app is God-awful. nothing you ever want to watch (sports, at least) ever loads, EVER. Why the actual hell am I paying for this stupid service when it never works? Absolute scam of a ""service"". I'll make sure everyone I know steers clear of this dumpster-fire.",1,2025-08-31 01:25:59,negative,0.9997060894966124,47
com.peacocktv.peacockandroid,Peacock TV: Stream TV & Movies,Geno Jackson,awesome,5,2025-08-31 01:24:46,positive,0.9998682737350464,1
com.peacocktv.peacockandroid,Peacock TV: Stream TV & Movies,Joseph Struzik,Bad all I is local TV and I can't find how much,1,2025-08-31 01:16:17,negative,0.9997001886367798,12
com.peacocktv.peacockandroid,Peacock TV: Stream TV & Movies,Stephen Peck Jr,"Been using the App for years. Recently as shows I have been watching got move from basic to premium, I considered ending my viewership. I went ahead and upgraded to see whether or not I would like to stay. I clicked the upgrade button in the App and was sent to google to pay my $10.99 on August 16th. Transaction went through but I was still being told to upgrade in the App. So, I waited until the money was taken from my account which happened on August 18th. Checked again but still says upgrade.",1,2025-08-30 23:59:22,negative,0.9981465339660645,95
com.peacocktv.peacockandroid,Peacock TV: Stream TV & Movies,Daniel Kalk,it is so good,5,2025-08-30 23:48:22,positive,0.9998557567596436,4
com.peacocktv.peacockandroid,Peacock TV: Stream TV & Movies,Alex Rey,the ads are short if you choose not to pay. MANY MANY options to watch from reality shows to kids movies! new shows are a hit and keeps you watching! Peacock original movies are always on point and live up to the hype!,5,2025-08-30 17:20:34,positive,0.9989383816719056,43
com.peacocktv.peacockandroid,Peacock TV: Stream TV & Movies,Rebecca Shepherd,one of my favorite apps... so many selections of movies & tv shows to choose from,5,2025-08-30 14:40:13,positive,0.9948537945747375,16
com.peacocktv.peacockandroid,Peacock TV: Stream TV & Movies,Leslie Curtis,I like the app,5,2025-08-30 13:26:26,positive,0.9994398951530457,4
com.peacocktv.peacockandroid,Peacock TV: Stream TV & Movies,Jessica Riad,I just used the app. it freezes on both my phones been trying for over 30 minutes. those is ridiculous,1,2025-08-30 12:39:41,negative,0.9995003938674928,20
com.peacocktv.peacockandroid,Peacock TV: Stream TV & Movies,Carina Rivera,"ads are too long, too many ads i just end up watching tick tock while the ads are done. and its always freezing.",2,2025-08-30 10:03:59,negative,0.9995334148406982,23
com.peacocktv.peacockandroid,Peacock TV: Stream TV & Movies,Rachel Dennison,"The app was working fine on my phone and iPad until this latest update. Now, the show pauses to ""buffer"" or whatever the latest lingo is every 30 seconds for about 10 seconds. I'm super bummed and frustrated.",1,2025-08-30 09:47:52,negative,0.9997246861457824,38
com.peacocktv.peacockandroid,Peacock TV: Stream TV & Movies,Samantha Jacobson,"95% of the time it wont load and says ""SOMETHING WENT WRONG-There was a playback error. Please try again"". For months!!! This is the app AND the website!",1,2025-08-30 07:00:25,negative,0.9982813596725464,28
com.peacocktv.peacockandroid,Peacock TV: Stream TV & Movies,Nicole Hammonds,great app 👍,5,2025-08-30 06:34:06,positive,0.9993553757667542,3
com.peacocktv.peacockandroid,Peacock TV: Stream TV & Movies,Heather,the app is very slow and buffers the whole time. not really worth it.,1,2025-08-30 05:56:20,negative,0.9997648596763612,14
com.peacocktv.peacockandroid,Peacock TV: Stream TV & Movies,Tammy Renaud,No it's not subscription or I'm not paying for any services premiums,1,2025-08-30 05:39:11,negative,0.9985484480857848,12
com.peacocktv.peacockandroid,Peacock TV: Stream TV & Movies,Geoffrey Snyder,Can't really find anything without using the Search function - the categories given by the UI are useless. and you just raised the prices and there's still 6 commercial breaks in a single hour long episode,2,2025-08-30 05:02:26,negative,0.999705970287323,36
com.peacocktv.peacockandroid,Peacock TV: Stream TV & Movies,Adrian Flores,everything is locked. who would pay for this?,1,2025-08-30 04:53:55,negative,0.9969593286514282,8
com.peacocktv.peacockandroid,Peacock TV: Stream TV & Movies,Dan Eloff,sucks to try and fast forward/rewind and have to rewatch commercials every time. Just updating. This is still an awful flaw in this app. Im very close to cancelling my subscription over having to rewatch ads just to jump around any parts of episodes im watching. update as of 8/29/25 this app still frustrates the life out of me. can't skip around or Changes anything without an ad. even if you just watched 3 ads jumping around to find your spot bc the app didn't save it. good job.,1,2025-08-30 04:02:45,negative,0.9977198243141174,89
com.peacocktv.peacockandroid,Peacock TV: Stream TV & Movies,Alexander Gutierrez,"Sorry, Got too say goodbye to yo subscription just don't make enough money. Too afford mo than two subscriptions",5,2025-08-30 03:53:31,negative,0.9997637867927552,19
com.peacocktv.peacockandroid,Peacock TV: Stream TV & Movies,Daniel,awesome app,5,2025-08-30 03:15:55,positive,0.9998600482940674,2
com.peacocktv.peacockandroid,Peacock TV: Stream TV & Movies,V Kabbz,missing some matches of the premier League but okay so far .,3,2025-08-30 00:42:14,positive,0.929530143737793,12
com.peacocktv.peacockandroid,Peacock TV: Stream TV & Movies,Jeff D,You can't delete videos from continue watching,1,2025-08-29 21:22:20,negative,0.9817646145820618,7
com.peacocktv.peacockandroid,Peacock TV: Stream TV & Movies,Jedi “Imma&Nuh” Wanjiru,locks you on the same episode of a show. when you try to go to a different episode. it opens up to the one you've already watched and gives you 4 minutes of commercials!,1,2025-08-29 20:25:05,negative,0.7166507840156555,34
com.peacocktv.peacockandroid,Peacock TV: Stream TV & Movies,Raeya Goodwin,please release shows the same day it premieres live. avoiding spoilers online is frustrating when you keep raising your subscription,1,2025-08-29 19:32:44,negative,0.9985870122909546,20
com.peacocktv.peacockandroid,Peacock TV: Stream TV & Movies,TokaiDude,"08/02/25 PRICE INCREASING ($3.00!) to $10.99+fees! I've been here since Peacock Day One (July 2020), now I'm DONE! Poor UI, lagging subtitles, frequent crashes, ADS, ADS, ADS ... . And ... I only joined PCock because that was the only way to watch the Tour de France anymore. I'll find another way. GOODBYE!",1,2025-08-29 16:22:39,negative,0.9996870756149292,53
com.peacocktv.peacockandroid,Peacock TV: Stream TV & Movies,Shagrath Blacksixx,paywalled garbage now. they want money for content you can easily find free.... uninstalled.,1,2025-07-31 18:22:21,negative,0.9995973706245422,14
com.peacocktv.peacockandroid,Peacock TV: Stream TV & Movies,Leigh Galloway,was watching top chef this morning I had a little bit of technical difficulty I was able to watch it after it stopped need to work on that,3,2025-07-31 18:07:18,negative,0.9390652775764464,28
com.peacocktv.peacockandroid,Peacock TV: Stream TV & Movies,kelly patterson,i love this app i really do but you gotta do something about all the ads because i only get to watch like 5 mins of a show and its annoying,2,2025-07-31 16:35:16,negative,0.992453157901764,31
com.peacocktv.peacockandroid,Peacock TV: Stream TV & Movies,Lorah Thornton,"I pay for the minimum which means I get commercials😔 when watching ""family"" or ""kid""shows I would like to recommend that those commercials are also ""family"" or ""kid"" appropriate.",1,2025-07-31 13:45:00,negative,0.9832553863525392,29
com.peacocktv.peacockandroid,Peacock TV: Stream TV & Movies,Prajyot Khare,"Got to be one of the worst apps (including the TV app). Lags constantly, videos take really long to load, subtitles get out of sync all the time. Never face any such issue with HBO Max or Netflix or even Hulu",1,2025-07-31 13:43:30,negative,0.999811351299286,41
com.peacocktv.peacockandroid,Peacock TV: Stream TV & Movies,Roberta Miller (Birdie),you can't even watch peacock for free anymore!!!,1,2025-07-31 13:40:51,negative,0.9768822193145752,8
com.peacocktv.peacockandroid,Peacock TV: Stream TV & Movies,M T,won't load anything just stays on the logo after update again. please fix this again.,1,2025-07-31 13:13:34,negative,0.9972625970840454,15
com.peacocktv.peacockandroid,Peacock TV: Stream TV & Movies,Christopher Williams,i love the app I just wish it didn't have adds,5,2025-07-31 11:47:03,negative,0.640200674533844,11
com.peacocktv.peacockandroid,Peacock TV: Stream TV & Movies,steve,excellent viewing!!!,5,2025-07-31 11:20:37,positive,0.9998793601989746,2
com.peacocktv.peacockandroid,Peacock TV: Stream TV & Movies,harlem crip,great app to watch!!!,5,2025-07-31 10:54:36,positive,0.999823033809662,4
com.peacocktv.peacockandroid,Peacock TV: Stream TV & Movies,Miss Velez,"casting isn't stable. also when I open app to rewind what im casting, nothing shows as playing or connected. It takes a few tries to get it to pop up",3,2025-07-31 09:44:02,negative,0.9996240139007568,30
com.peacocktv.peacockandroid,Peacock TV: Stream TV & Movies,Shirley Vance,I'm in love,5,2025-07-31 09:25:28,positive,0.9996256828308104,3
com.peacocktv.peacockandroid,Peacock TV: Stream TV & Movies,Pamela *,Shows are great! Options are BOUNTIFUL! Not too thrilled with the constant cost increase(s). There have been quite a few in a short span of time.,4,2025-07-31 08:35:13,negative,0.7258003950119019,26
com.peacocktv.peacockandroid,Peacock TV: Stream TV & Movies,Linda Small-Rogers,Unable to get live TV. Takes too long to see streaming TV,4,2025-07-31 08:25:54,negative,0.999708354473114,12
com.peacocktv.peacockandroid,Peacock TV: Stream TV & Movies,Edward Eugene Cole,peacock is a good streaming app but it needs an update to stop the freezing while watching a movie.,5,2025-07-31 08:01:37,negative,0.9960214495658876,19
com.peacocktv.peacockandroid,Peacock TV: Stream TV & Movies,T Jaxson,Said if I had a Samsung galaxy I could get a free trial....Didn't happen!!!,1,2025-07-31 07:08:24,negative,0.999388575553894,14
com.peacocktv.peacockandroid,Peacock TV: Stream TV & Movies,Aprol Barron,"This rating is due to the horrible streaming over the past 4 weeks to current. Constant error messages can't watch an entire video without an error closing then reinstalling. Yes, I have updated I have I uninstalled then reinstalled and now I get a message that the rates are going up. Love the programs but don't love spending MORE money for a product that is not working correctly. Please fix the bugs I don't want to cancel.",2,2025-07-31 06:03:28,negative,0.9962471127510072,77
com.peacocktv.peacockandroid,Peacock TV: Stream TV & Movies,Steven Smith,"Peacock just went up from $7.99 to $11.49 a month. That way, too much. Almost 45% in this economy. Same on you, Peacock, and your overpaid executives",2,2025-07-31 01:52:56,negative,0.9996132254600524,27
com.peacocktv.peacockandroid,Peacock TV: Stream TV & Movies,Elias Abou Arraj,how do i cancel my subscription. they have been charging me for a years now,3,2025-07-31 01:13:23,negative,0.9994621872901917,15
com.peacocktv.peacockandroid,Peacock TV: Stream TV & Movies,Michael Johnson,"Peacock TV – ⭐️⭐️⭐️⭐️☆ Great content and solid app—I’ve really enjoyed it overall. But like most streamers these days, prices keep creeping up while the lineup doesn’t always feel like it’s growing much. Still worth it for me, but I’m watching closely. If it goes up again, I might just start charging them for my loyalty. 😏",4,2025-07-30 23:44:46,positive,0.9994814991950988,57
com.peacocktv.peacockandroid,Peacock TV: Stream TV & Movies,Michael,"Paid for highest, no ad tier. THERE ARE STILL ADS.",1,2025-07-30 23:29:55,negative,0.995059609413147,10
com.peacocktv.peacockandroid,Peacock TV: Stream TV & Movies,Dee Dee Andrews,I love Peacock different TV shows and above all if you're into watching a classic this is definitely great for it,5,2025-07-30 20:03:36,positive,0.999811828136444,21
com.peacocktv.peacockandroid,Peacock TV: Stream TV & Movies,Julie Burke,I love peacock but I'm not a happy customer with the 3.00$ increase on the monthly subscription.,5,2025-07-30 17:56:41,negative,0.9975872039794922,17
com.peacocktv.peacockandroid,Peacock TV: Stream TV & Movies,E Forges,"doesn't even log me in, just stays on the loading screen",1,2025-07-30 17:20:19,negative,0.9986855387687684,11
com.peacocktv.peacockandroid,Peacock TV: Stream TV & Movies,Cassandra Smitherman,Why would you charge me $8 monthly to watch ads? Don't you get paid for each ad shown in your app? I doubt anything you have is worth me PAYING to watch ads!,1,2025-07-30 15:54:29,negative,0.9989514350891112,33
com.peacocktv.peacockandroid,Peacock TV: Stream TV & Movies,Jennifer Creswell,payment is going up soon and it still includes ads!!,2,2025-07-30 13:58:01,positive,0.917938232421875,10
com.peacocktv.peacockandroid,Peacock TV: Stream TV & Movies,Nathan Bonnet,"Had it for rugby and some shows, streaming part descent, so was gonna close due to most shows on other apps! When went to close out offer a great deal not to 1 a month for next 3months. well not even a month later got over half of app closed to watch till i got to a premium plan! That is some snake sh×t, give me all channels for 1doller a month now just lock me out over half the app. Never Will I returen nore recommand anyone company is a Snake",2,2025-07-30 12:42:12,negative,0.9990473389625548,92
com.peacocktv.peacockandroid,Peacock TV: Stream TV & Movies,Cory Myers,works to stream shows. not too hard to find them.,4,2025-07-30 12:15:22,positive,0.9983288645744324,10
com.peacocktv.peacockandroid,Peacock TV: Stream TV & Movies,Sandra Rinehart,Love the shows!,5,2025-07-30 12:05:43,positive,0.9998737573623656,3
com.peacocktv.peacockandroid,Peacock TV: Stream TV & Movies,Sheilah “Mama Bear” Boomer,I love peacock so much...,5,2025-07-30 11:48:33,positive,0.9996964931488036,5
com.peacocktv.peacockandroid,Peacock TV: Stream TV & Movies,Sam Windley,It tends to mess or slow down when you watch it from your tv. But shows great when you watch from your cellphone,4,2025-07-30 10:57:06,positive,0.9973034858703612,23
com.peacocktv.peacockandroid,Peacock TV: Stream TV & Movies,Sheri Bed,love being able to watch SNL,5,2025-07-30 10:52:44,positive,0.999323844909668,6
com.peacocktv.peacockandroid,Peacock TV: Stream TV & Movies,Myke M,every other month they raise the cost,1,2025-07-30 10:21:35,positive,0.9949976205825806,7
com.peacocktv.peacockandroid,Peacock TV: Stream TV & Movies,james niles,"pay money to watch commercials,no thanks",2,2025-07-30 08:55:58,negative,0.9978991746902466,6
com.peacocktv.peacockandroid,Peacock TV: Stream TV & Movies,Adam Swanson,raising rates again. streaming is dead,1,2025-07-30 08:43:45,negative,0.9995269775390624,6
com.peacocktv.peacockandroid,Peacock TV: Stream TV & Movies,Erik Jensen,I like the app but they keep raising the price. it's been raised at least 3 times since I have had the app. I get that it's still not that expensive but I'm tired of being nickel and dimed.,3,2025-07-30 08:32:16,negative,0.984385907649994,39
com.peacocktv.peacockandroid,Peacock TV: Stream TV & Movies,Jackie Bates,Very bad streaming more then not. Only one of my streaming apps that continually buffering. Now they want to raise the price by 3.00 monthly. Not worth it for me to put up with all this aggravation.,3,2025-07-30 05:47:14,negative,0.9997617602348328,37
com.peacocktv.peacockandroid,Peacock TV: Stream TV & Movies,Dawn Torres,"Can anyone explain why when I first downloaded the app I did the yearly subscription without commercials, only to have commercials...then for a short period of time I didn't have commercials...and guess what?!? the commercials are back. why do I pay for a streaming service without commercials only to have commercial?!?",3,2025-07-29 23:00:32,negative,0.9981473684310912,51
com.peacocktv.peacockandroid,Peacock TV: Stream TV & Movies,Troy Postier,I absolutely LOVE Pokerface!!!!,5,2025-07-29 21:29:24,positive,0.9998300075531006,4
com.peacocktv.peacockandroid,Peacock TV: Stream TV & Movies,Kristina “Odessa” Salvitti,if you have a ROKU and you install on ur phone or tablet and screw up in the tiniest way try to stream from your TV you could pay double till the end of time. My bank cant even figure out how to possibly straiten this mess out because when u call the number it tells you to simply get into the app. WHICH CANT BE DONE ALWAYS. and it got so gummed up at one point that after double paying for nearly a year.. I COULDNT EVEN CANCEL. I JUST LOCK MY CARDS ALL THE TIME AND PLAY THAT GAME.,1,2025-07-29 19:06:33,negative,0.999277651309967,101
com.peacocktv.peacockandroid,Peacock TV: Stream TV & Movies,Brian Huff,How do you justify a price increase of almost half of what the plan normally cost?,2,2025-07-29 18:42:54,negative,0.998656153678894,16
com.peacocktv.peacockandroid,Peacock TV: Stream TV & Movies,Michael Trejo,the library of movies is great,4,2025-07-29 18:33:11,positive,0.9998843669891356,6
com.peacocktv.peacockandroid,Peacock TV: Stream TV & Movies,David Sutherland,Not about to continue with a 20% price increase 👎,3,2025-07-29 16:50:23,negative,0.9941402077674866,10
com.peacocktv.peacockandroid,Peacock TV: Stream TV & Movies,Geri Smith,awesom,5,2025-07-29 15:50:35,positive,0.9916402101516724,1
com.peacocktv.peacockandroid,Peacock TV: Stream TV & Movies,Sameer Khan,season 1 of Saturday night live is removed,1,2025-07-29 14:45:12,negative,0.9989537000656128,8
com.peacocktv.peacockandroid,Peacock TV: Stream TV & Movies,Author Kevin K. Evans,"On my Xbox and Roku, every time I watch a TV series and stop at the end of an episode, when I return to it, it's showing that I stopped at 2 episodes before that and in the middle of the episode. It does the same with movies I watch, and there's no way to delete them from continue watching!",2,2025-07-29 14:15:12,negative,0.9963415265083312,60
com.peacocktv.peacockandroid,Peacock TV: Stream TV & Movies,Nelson ROSARIO,I was supposed to be able to watch Monday night raw and SmackDown I never could watch them that was the main reason I downloaded this app and now you guys are increasing the price for the same movies nothing ever changes that makes No sense and another thing you guys say that I can watch live news and that's not true 😭😔😔,2,2025-07-29 14:00:30,negative,0.9993340373039246,63
com.peacocktv.peacockandroid,Peacock TV: Stream TV & Movies,Pamela,can't believe you have ads now And u charge separate to take them off I think I'm just gonna cancel,1,2025-07-29 13:56:33,negative,0.9997135996818542,20
com.peacocktv.peacockandroid,Peacock TV: Stream TV & Movies,Carie Odom,lots of good returns or reruns!!!!,5,2025-07-29 13:16:37,positive,0.9992048144340516,6
com.peacocktv.peacockandroid,Peacock TV: Stream TV & Movies,Conor Molinski,I only purchased this for Community,2,2025-07-29 12:45:22,negative,0.9896999597549438,6
com.peacocktv.peacockandroid,Peacock TV: Stream TV & Movies,Valerie E. Young,love it 😀,5,2025-06-30 23:28:28,positive,0.9998714923858644,3
com.peacocktv.peacockandroid,Peacock TV: Stream TV & Movies,Stephanie Lyric Jones,this app lags and buffers entirely too much for what you're charging🙄,2,2025-06-30 20:46:13,negative,0.999816119670868,12
com.peacocktv.peacockandroid,Peacock TV: Stream TV & Movies,Tara Meyers,Love watching shows on here,4,2025-06-30 20:27:55,positive,0.9994866847991944,5
com.peacocktv.peacockandroid,Peacock TV: Stream TV & Movies,Alexus Giamona,too many ads,1,2025-06-30 17:59:52,negative,0.9995794892311096,3
com.peacocktv.peacockandroid,Peacock TV: Stream TV & Movies,Jennifer Lynn Bond Waldoch,Good Selection,5,2025-06-30 17:13:04,positive,0.999840259552002,2
com.peacocktv.peacockandroid,Peacock TV: Stream TV & Movies,Tomekia Scott,love watching my favorite shows and movies on Peacock app!,5,2025-06-30 15:28:04,positive,0.998933732509613,10
com.peacocktv.peacockandroid,Peacock TV: Stream TV & Movies,Lafe Taylor,AWESOME!!!! 😎💯,5,2025-06-30 14:58:28,positive,0.999870538711548,2
com.peacocktv.peacockandroid,Peacock TV: Stream TV & Movies,Anthony Trump,love the app great show s and movies that I can't find anywhere else,5,2025-06-30 14:47:34,positive,0.9997336268424988,14
com.peacocktv.peacockandroid,Peacock TV: Stream TV & Movies,Jason Marcus,closed captioning doesn't work,1,2025-06-30 13:36:22,negative,0.9998026490211488,4
com.peacocktv.peacockandroid,Peacock TV: Stream TV & Movies,Tim N,"45 to 200 seconds ad's every ten minutes. most are 90 seconds, if I wanted to see this many I would watch the show over the air . I pay for the service for Less ad's, not more . Very disappointed 😔",3,2025-06-30 12:14:26,negative,0.997864067554474,42
com.peacocktv.peacockandroid,Peacock TV: Stream TV & Movies,Jack Lathrop,useless app. ads are far too frequent and programming is so selective in its availability it's laughable. hate hate hate every single thing about this app and every single person directly or indirectly involved with its creation and maintenance.,1,2025-06-30 12:09:19,negative,0.999782383441925,39
com.peacocktv.peacockandroid,Peacock TV: Stream TV & Movies,Aruara Paguio,adds are crazy long. going back to netflix,1,2025-06-30 10:14:37,negative,0.9632222056388856,8
com.peacocktv.peacockandroid,Peacock TV: Stream TV & Movies,Nick Ortiz,Why you charging more in my account a PR sales tax? That's wrong Im not living in PR is you don't fix that issue in my account i will cancel my subscription in my next statement.,2,2025-06-30 08:34:42,negative,0.9997358918190002,36
com.peacocktv.peacockandroid,Peacock TV: Stream TV & Movies,PCilla,Purchased a premium subscription and still have ads. Uninstalled and installed and still nothing.,1,2025-06-30 07:59:17,negative,0.9987308382987976,14
com.peacocktv.peacockandroid,Peacock TV: Stream TV & Movies,Panda Party,"Two stars due to every time I open the app it has forgotten my place in a show, and trying to skip ahead to find the spot again creates forced ad breaks. Perhaps this is an intentional way of creating more ad breaks?",2,2025-06-30 06:21:35,negative,0.9997808337211608,43
com.peacocktv.peacockandroid,Peacock TV: Stream TV & Movies,Gregory Johnson,awesome easy to use and always great selection,5,2025-06-30 06:06:09,positive,0.999880313873291,8
com.peacocktv.peacockandroid,Peacock TV: Stream TV & Movies,Kecia Davis Reams (Kecia),Enjoying the Program on Peacock Lockerbie is Phenomenal Acting gut wrenching,5,2025-06-30 05:22:06,positive,0.9998182654380798,11
com.peacocktv.peacockandroid,Peacock TV: Stream TV & Movies,Alyssa Graham,The BEST television app on the Google Play Store!! ⭐⭐⭐⭐⭐,5,2025-06-30 04:16:08,positive,0.999734342098236,10
com.peacocktv.peacockandroid,Peacock TV: Stream TV & Movies,Gary Jordan,Totally unusable,1,2025-06-30 03:46:07,negative,0.9995549321174622,2
com.peacocktv.peacockandroid,Peacock TV: Stream TV & Movies,Mike Parsittie,generally no problems with the app sometimes those seems to lag but I'm happy with it,4,2025-06-30 03:06:37,positive,0.999755561351776,16
com.peacocktv.peacockandroid,Peacock TV: Stream TV & Movies,Garry Oliver,good,5,2025-06-30 02:12:10,positive,0.999816119670868,1
com.peacocktv.peacockandroid,Peacock TV: Stream TV & Movies,Idontwantu Tohavemyinfo,I didn't pay $139.99 for the year for ad free movies just to watch a movie with ads. What the hell did I pay for???,1,2025-06-30 02:03:40,negative,0.9987747073173524,25
com.peacocktv.peacockandroid,Peacock TV: Stream TV & Movies,Amanda Cummings,It's Super Sweet!!!,5,2025-06-30 00:26:13,positive,0.9998633861541748,3
com.peacocktv.peacockandroid,Peacock TV: Stream TV & Movies,Justin Meyers,The only issue I'm having is I wake up in the morning and I get ready to watch the news and it thinks I'm in Miami it's wild,5,2025-06-29 21:47:53,negative,0.984346866607666,28
com.peacocktv.peacockandroid,Peacock TV: Stream TV & Movies,Hiking72,very bad can't watch and being charged.,1,2025-06-29 21:01:51,negative,0.9978220462799072,7
com.peacocktv.peacockandroid,Peacock TV: Stream TV & Movies,isaaciceman2730,It's glitchy and moves slow.,3,2025-06-29 17:28:07,negative,0.9995972514152528,5
com.peacocktv.peacockandroid,Peacock TV: Stream TV & Movies,Maria “Letty” Holguin,Thank you Peacock for the reasonable prices. I enjoy the commercial ad free and option to fast fwd and rewind.,5,2025-06-29 16:25:35,negative,0.6219993233680725,20
com.peacocktv.peacockandroid,Peacock TV: Stream TV & Movies,Brandon Heeren,"I have paid for the premium plus for a long time now,, but now everything i want to watch is locked and it keeps telling me to pick a plan and my payment has failed. I have gone in and changed my payment, it says I am subscribed and yet I still have ever thing I want to watch locked. i am sure I am going to get hit with multiple payments just because of how many times I had to go through it. I am getting ready to dump the app unless this gets resolved.",1,2025-06-29 15:56:53,negative,0.9987114667892456,96
com.peacocktv.peacockandroid,Peacock TV: Stream TV & Movies,Karl Graham,best streaming catalog,5,2025-06-29 12:20:43,positive,0.9996695518493652,3
com.peacocktv.peacockandroid,Peacock TV: Stream TV & Movies,Leti,ts used to be free 😑,1,2025-06-29 12:13:48,negative,0.5777660012245178,6
com.peacocktv.peacockandroid,Peacock TV: Stream TV & Movies,min,terrible audio,1,2025-06-29 10:46:05,negative,0.9996410608291626,2
com.peacocktv.peacockandroid,Peacock TV: Stream TV & Movies,Jennifer Metcalf,"every time I open the app I get a message about how your app uses my info. it won't back out, it won't scroll down, it won't let me past this message. I have tried to uninstall and reinstall the app, with no results.",1,2025-06-29 10:40:21,negative,0.9986567497253418,44
com.peacocktv.peacockandroid,Peacock TV: Stream TV & Movies,Roshida R,"I don't have ad free Peacock, however if you're watching a movie, I think it's tacky to interrupt the movie to play commercials. Play all the commercials you need to play before the movie starts. Why play another commercial in the middle of the movie like it's a tv show. Paramount Plus plays all the commercials they need to play before the movie starts and then plays the uninterrupted movie.",1,2025-06-29 09:48:09,negative,0.9990686774253844,70
com.peacocktv.peacockandroid,Peacock TV: Stream TV & Movies,Steven Meatsandwich,what are you doing? watch something & then it disappears without being finished.,1,2025-06-29 07:34:50,negative,0.9982739686965942,13
com.peacocktv.peacockandroid,Peacock TV: Stream TV & Movies,Michael Callahan,trying to watch a show screen gets small then stops in the middle of the replay can only get back in Spanish,1,2025-06-29 07:30:28,negative,0.9992904663085938,22
com.peacocktv.peacockandroid,Peacock TV: Stream TV & Movies,Rodrigo Gonzalez,this app is completely useless when watching on my tv during a live event. I started to watch the live late when I tried to rewind it I only can so much. Would it be too much to ask to have a start over feature on live events instead of having to wait for the rewind? With all that tech you would think that feature would be available!! Until y'all add this my rating will be a 1 star!!,1,2025-06-29 06:08:00,negative,0.9996145963668824,79
com.peacocktv.peacockandroid,Peacock TV: Stream TV & Movies,Wendy Westrope,my favorite to go for all my housewife shows movies. Peacock is the best 💖,5,2025-06-29 05:58:50,positive,0.9998006224632264,15
com.peacocktv.peacockandroid,Peacock TV: Stream TV & Movies,Jamir,it's so good for wwe,5,2025-06-29 03:20:46,positive,0.9998575448989868,5
com.peacocktv.peacockandroid,Peacock TV: Stream TV & Movies,Raymond Aranda,variety of shows,5,2025-06-29 02:53:45,positive,0.997441291809082,3
com.peacocktv.peacockandroid,Peacock TV: Stream TV & Movies,Natasha Young,the app isn't working,1,2025-06-29 01:35:09,negative,0.9997479319572448,4
com.peacocktv.peacockandroid,Peacock TV: Stream TV & Movies,Miguel Arreola,Great 👍👍👍👍,5,2025-06-29 01:20:20,positive,0.9997692704200744,2
com.peacocktv.peacockandroid,Peacock TV: Stream TV & Movies,Christal Martz,it's on even letting me get on,1,2025-06-29 01:17:01,positive,0.9928244352340698,7
com.peacocktv.peacockandroid,Peacock TV: Stream TV & Movies,Quentin Salyer,only app my TV can't download,1,2025-06-28 21:21:11,negative,0.9892366528511048,6
com.peacocktv.peacockandroid,Peacock TV: Stream TV & Movies,Brian Poulin,"After using this app, not really satisfied. Often i have to exit the app because selections are not showing up correctly. Payment has been troublesome. In 2024, they gave a great discount price for Premium (with ads) - this way i could enjoy a lowered base price and purchase the no-ads separately on a monthly basis. Then, in the middle of my year discount, they stopped the monthly Plus(no ads). Now I am forced to either upgrade at $139/yr or watch ads. Don't have this issue with other streamers.",2,2025-06-28 21:17:23,negative,0.9996405839920044,89
com.peacocktv.peacockandroid,Peacock TV: Stream TV & Movies,Larry Nguyen,subtitles never work,1,2025-06-28 17:44:07,negative,0.999514102935791,3
com.peacocktv.peacockandroid,Peacock TV: Stream TV & Movies,Shay,"Updated today and it's still buggy, when you go to sign in it just sits with the loading icon and never changes.",1,2025-06-28 14:22:29,negative,0.9981141090393066,22
com.peacocktv.peacockandroid,Peacock TV: Stream TV & Movies,Deidra Holt,I watch this App more than all the others...I love watching Roseanne and King of Queens anytime and anywhere I want!,5,2025-06-28 13:54:53,positive,0.9993560910224916,21
com.peacocktv.peacockandroid,Peacock TV: Stream TV & Movies,Esme Espinoza,They added commercials on top of raising their prices.,1,2025-06-28 13:41:03,negative,0.981391966342926,9
com.peacocktv.peacockandroid,Peacock TV: Stream TV & Movies,Rachel Sims,Definitely one of the best streaming apps out! Reasonably priced and all the latest movies and shows. Peacock for the win 🏆 🙌🏾,5,2025-06-28 13:03:40,positive,0.9998026490211488,23
com.peacocktv.peacockandroid,Peacock TV: Stream TV & Movies,Mandy Marie,I just got the app and I can't watch anything it's a black screen please help me fixed this so I can enjoy watching your movie app,4,2025-06-28 11:07:01,positive,0.7826327085494995,27
com.newleaf.app.android.victor,ReelShort - Stream Drama & TV,Amanda Orozco,Awesome Movie App!!!😇😀😁,5,2026-05-02 17:46:42,positive,0.9998303651809692,3
com.newleaf.app.android.victor,ReelShort - Stream Drama & TV,Vickie Geraghty,Excellent App.,5,2026-05-02 17:45:49,positive,0.9998461008071899,2
com.newleaf.app.android.victor,ReelShort - Stream Drama & TV,Ontiretse Motsoai,good 👍 alright 👍,5,2026-05-02 17:26:56,positive,0.9998072981834412,4
com.newleaf.app.android.victor,ReelShort - Stream Drama & TV,Elmer Mwamba,lovely shows. I love it.,4,2026-05-02 17:23:43,positive,0.9998795986175537,5
com.newleaf.app.android.victor,ReelShort - Stream Drama & TV,Samantha Hardigree,"Not Free At All!! Exactly like all the others, watch a couple short episodes to get you hooked on the ""free"" then you have to pay an outrageous weekly subscription fee!! Or buy coins at exorbitant prices!! Most people can't afford to pay that price. Or you have to wait for days until you can days to collect by check in to get enough for 1 eps.",1,2026-05-02 17:01:02,negative,0.9977031350135803,67
com.newleaf.app.android.victor,ReelShort - Stream Drama & TV,Newton Ochieng,easy to understand,4,2026-05-02 16:54:15,positive,0.9997355341911316,3
com.newleaf.app.android.victor,ReelShort - Stream Drama & TV,Morium ahmed,excellent.,5,2026-05-02 16:23:59,positive,0.9998406171798706,1
com.newleaf.app.android.victor,ReelShort - Stream Drama & TV,Marliese Gill,The subscription and payment is fraudulent in my opinion. payment gets taken ahead of renewal date and is more than the actual renewal amount.,1,2026-05-02 16:08:50,negative,0.9928106665611267,24
com.newleaf.app.android.victor,ReelShort - Stream Drama & TV,ZOYA official,it has more chance than other same apps. you can earn coin to watch series easily.,5,2026-05-02 16:07:15,positive,0.9976202845573425,16
com.newleaf.app.android.victor,ReelShort - Stream Drama & TV,Lethabo Cavani,excellent!,5,2026-05-02 15:40:49,positive,0.9998645782470703,1
com.newleaf.app.android.victor,ReelShort - Stream Drama & TV,Samantha Denhere Murevesi,love the movies,5,2026-05-02 15:28:37,positive,0.9998724460601807,3
com.newleaf.app.android.victor,ReelShort - Stream Drama & TV,Erika L,dramatic,5,2026-05-02 15:23:53,positive,0.9981303811073303,1
com.newleaf.app.android.victor,ReelShort - Stream Drama & TV,Dhia Jannah,my sister is the warlord queen was the wholesome but I don't have coins,5,2026-05-02 14:58:28,negative,0.9821427464485168,14
com.newleaf.app.android.victor,ReelShort - Stream Drama & TV,Timothy Farrington,It is very fun and has different things to choose from I would recommend this app to anyone,4,2026-05-02 14:37:49,positive,0.9996817111968994,18
com.newleaf.app.android.victor,ReelShort - Stream Drama & TV,Tracey Lippert,Great app. The coins are affordable and it's great that you can watch adds to avoid spending money as well,5,2026-05-02 13:56:47,positive,0.9998193383216858,20
com.newleaf.app.android.victor,ReelShort - Stream Drama & TV,Rocelyne M. Sadia,interesting,5,2026-05-02 12:47:15,positive,0.9998446702957153,1
com.newleaf.app.android.victor,ReelShort - Stream Drama & TV,Francia Toledo,I really love it no more long ads,5,2026-05-02 12:39:32,positive,0.9986304044723511,8
com.newleaf.app.android.victor,ReelShort - Stream Drama & TV,Haggai Maurice,"it's Kool,like it",5,2026-05-02 12:35:35,positive,0.9994469285011292,3
com.newleaf.app.android.victor,ReelShort - Stream Drama & TV,Medelyn Borantes,"nice short dramas ,love it",5,2026-05-02 12:05:44,positive,0.9998559951782227,5
com.newleaf.app.android.victor,ReelShort - Stream Drama & TV,Ty Maen,this app is trash.. keeps taking my coins and resetting a story im watching through to zero so I have to start again with unlocking at chapter 11. if I could give a zero star review I would,1,2026-05-02 12:01:12,negative,0.9995999932289124,38
com.newleaf.app.android.victor,ReelShort - Stream Drama & TV,Dana Brown,i hate how all the episodes are locked,1,2026-05-02 11:42:23,negative,0.9989732503890991,8
com.newleaf.app.android.victor,ReelShort - Stream Drama & TV,starla aster,You can only watch so many ads a day. Im sick and often bedridden. I want to watch the entire series in a day. I uninstalled when the ads became a requirement to download games to play. For god sake just auto play an ad at the beginning of each chapter and be done with it. If you want ad free pay for it. why make it so complicated.,1,2026-05-02 11:37:30,negative,0.9961084723472595,69
com.newleaf.app.android.victor,ReelShort - Stream Drama & TV,Rosalinda Amonelo,have a great time .,5,2026-05-02 11:29:59,positive,0.9998821020126343,5
com.newleaf.app.android.victor,ReelShort - Stream Drama & TV,Jeric Mergenio,good,5,2026-05-02 11:24:15,positive,0.9998161196708679,1
com.newleaf.app.android.victor,ReelShort - Stream Drama & TV,Lysander Paclibar,not free at all. you'll need coins to unlock the episodes.,1,2026-05-02 11:17:34,negative,0.9978805780410767,11
com.newleaf.app.android.victor,ReelShort - Stream Drama & TV,Joey Halog,this app is useless u can't enjoy it because this app is money app u need more money to upgrade to watch all the episodes u must watch anime in YouTube each free this app are not satisfied u unless u have money u upgrade ur account,1,2026-05-02 10:53:06,negative,0.9994841814041138,47
com.newleaf.app.android.victor,ReelShort - Stream Drama & TV,Leona Resurreccion,they have an ads but it's worth it to watch,5,2026-05-02 10:49:46,positive,0.9997121691703796,10
com.newleaf.app.android.victor,ReelShort - Stream Drama & TV,Salomie,They have tons of mini films are good for passing time. Just be ready to pay a subscription fee or watch tons of ads to gain access to episodes or coins to watch episodes.,5,2026-05-02 10:47:07,negative,0.9536232352256775,34
com.newleaf.app.android.victor,ReelShort - Stream Drama & TV,Alvi Tawhid,bruuuhh this app took money otherwise ads dictating 😒☹,5,2026-05-02 09:57:29,negative,0.9991711378097534,9
com.newleaf.app.android.victor,ReelShort - Stream Drama & TV,Benedict Indias,so I purchased a weekly vip and I thought theres no ads turns out still have an annoying ads,1,2026-05-02 09:49:32,negative,0.9979058504104614,19
com.newleaf.app.android.victor,ReelShort - Stream Drama & TV,Londiwe Mnyandu,incredible App indeed I'm glad I came across it 10/10 definitely loving it 😀 😍,5,2026-05-02 09:46:24,positive,0.9998418092727661,15
com.newleaf.app.android.victor,ReelShort - Stream Drama & TV,Rajudin Din,good,5,2026-05-02 08:47:57,positive,0.9998161196708679,1
com.newleaf.app.android.victor,ReelShort - Stream Drama & TV,Prosper Sabbogu,excellent,5,2026-05-02 08:45:11,positive,0.9998434782028198,1
com.newleaf.app.android.victor,ReelShort - Stream Drama & TV,Fucshia Williams,l love it,5,2026-05-02 08:42:04,positive,0.9998722076416016,3
com.newleaf.app.android.victor,ReelShort - Stream Drama & TV,Nura Ibrahim,very good app,5,2026-05-02 08:39:26,positive,0.9998675584793091,3
com.newleaf.app.android.victor,ReelShort - Stream Drama & TV,Jhay-ar Fajardo,i like the movie in the TikTok but i can't 😞 install it 😭😭😭,5,2026-05-02 08:35:56,negative,0.9918254613876343,14
com.newleaf.app.android.victor,ReelShort - Stream Drama & TV,Berhanu Mekuria,good,5,2026-05-02 08:26:30,positive,0.9998161196708679,1
com.newleaf.app.android.victor,ReelShort - Stream Drama & TV,Sajjad Ali Real Estate Expert,awwsome,5,2026-05-02 07:43:32,negative,0.9979901313781738,1
com.newleaf.app.android.victor,ReelShort - Stream Drama & TV,Love Me,"I think a few things could be improved but love it overall.Like,In Asian dramas,the titles are often localized hence totally different from the orignal drama's title.I would prefer if both the dubbed and subtitled versions used the original title as well or at least a direct english translation of it,so it's easier to search for the actors and related content.And,Then,There's web novels,It's kinda a bit tiring to wait for new chapters though ofc the authors are the ones responsible for that 🙃",3,2026-05-02 07:30:25,negative,0.9898860454559326,82
com.newleaf.app.android.victor,ReelShort - Stream Drama & TV,Paul Kelley,I i love this because I have two favorite shows,5,2026-05-02 07:16:55,positive,0.9998730421066284,10
com.newleaf.app.android.victor,ReelShort - Stream Drama & TV,Steve Moore,awesome,5,2026-05-02 07:07:28,positive,0.9998682737350464,1
com.newleaf.app.android.victor,ReelShort - Stream Drama & TV,Anna and Niko's Adventures,it's amazing drama and romance 😍😍😍,5,2026-05-02 06:09:50,positive,0.9998871088027954,6
com.newleaf.app.android.victor,ReelShort - Stream Drama & TV,Michaela W,they promote that its free to watch but i have been trying to watch one show for a week now and the daily videos you can watch gets less by the day. i was able to watch 3 episode off one ad at 10 ads that day day 2 can only watch 1 episode and only 5 days. day 3 i would not be surprised if its a 3 ads i can watch. it also repeats the last episode you seen from the day prior and the coins dont get deducted properly i had over 400 coins and were gone in 4 episodes at 60 coins each thats 240 coins.,1,2026-05-02 06:08:57,negative,0.9949359893798828,110
com.newleaf.app.android.victor,ReelShort - Stream Drama & TV,Rehan khan,👍,5,2026-05-02 06:03:06,negative,0.6970565915107727,1
com.newleaf.app.android.victor,ReelShort - Stream Drama & TV,mandy trinanes,"i like this app, the adds are reasonable and u have to pay coins to unlock it, and coins can be earned by some task not just by money, its a good accesible app and the quality of the films are good",5,2026-05-02 05:57:36,positive,0.9996329545974731,42
com.newleaf.app.android.victor,ReelShort - Stream Drama & TV,Khumo,so good,5,2026-05-02 05:48:24,positive,0.999841570854187,2
com.newleaf.app.android.victor,ReelShort - Stream Drama & TV,Jane Bantjes,"Very nice movies, but disgusted at the Name JESUS, KING OF ALL KINGS is blatantly used as a swear word in all English movies. so I watch a movie, Jesus name is blasphemy. I THEN DUMP THE MOVIE. Result, not interested in any movies that are from REAL SHORT. Deleted the app.",1,2026-05-02 05:30:54,negative,0.9996790885925293,52
com.newleaf.app.android.victor,ReelShort - Stream Drama & TV,PATRICIA MMBONE,fantastic,5,2026-05-02 05:25:13,positive,0.9998743534088135,1
com.newleaf.app.android.victor,ReelShort - Stream Drama & TV,Ayushi Soni,this is nice.,5,2026-05-02 05:13:44,positive,0.9998570680618286,3
com.newleaf.app.android.victor,ReelShort - Stream Drama & TV,Angellainie Pielago,this app is crazy need token for the next episodes then if u want token u need to pay money true money or watch add 60seconds i rate it 0,1,2026-05-02 04:49:18,negative,0.9967904686927795,30
com.newleaf.app.android.victor,ReelShort - Stream Drama & TV,Jaxson Wolfrom,love it,5,2026-04-30 23:51:27,positive,0.9998753070831299,2
com.newleaf.app.android.victor,ReelShort - Stream Drama & TV,Adriane Adams,"You can't even continue watching what you are watching. Because once you log in, it starts you all over again. So no matter how far you got in your series, it starts you all over this app is garbage and just want your money. Or to make you watch a million stupid ads",1,2026-04-30 23:32:45,negative,0.9996956586837769,53
com.newleaf.app.android.victor,ReelShort - Stream Drama & TV,ilyas idris,damn... need coins to continue,1,2026-04-30 23:32:31,negative,0.9986734390258789,5
com.newleaf.app.android.victor,ReelShort - Stream Drama & TV,Jr Jr,App is ridiculous $ 20 a wk is crazy all the stories are the same just called different titles then if you watch the ads they don't let you choose scary episode you were last at makes it watch the same episode & waste ur coins for add .. then you can buy coins then they start robbing put 5 episodes for a small segment once u buy episode each segment is like 10 sec then another 60 coins it's 100% ripoff don't believe there bs,1,2026-04-30 23:09:33,negative,0.9991497993469238,86
com.newleaf.app.android.victor,ReelShort - Stream Drama & TV,Fridah Diris as az,Bc i like it so much and i like it but i will give u guys a 5 start bc ur the best,5,2026-04-30 23:03:53,positive,0.9996862411499023,23
com.newleaf.app.android.victor,ReelShort - Stream Drama & TV,Nom Nom Nom,An ad system that doesn't suck and shows that are actually good.,5,2026-04-30 22:57:00,positive,0.9974396228790283,12
com.newleaf.app.android.victor,ReelShort - Stream Drama & TV,rsnirob 84,nice video,5,2026-04-30 22:33:02,positive,0.9998447895050049,2
com.newleaf.app.android.victor,ReelShort - Stream Drama & TV,面堂カナホ,many adds,1,2026-04-30 22:27:07,positive,0.9993775486946106,2
com.newleaf.app.android.victor,ReelShort - Stream Drama & TV,Mark Daryl Samera,ad says no ads to watch and no subs. its a lie,1,2026-04-30 22:26:11,negative,0.9959858059883118,12
com.newleaf.app.android.victor,ReelShort - Stream Drama & TV,Ampuan Sahany,this apps is scam they are using other video from another apps to promote this stupid app!!!,1,2026-04-30 21:56:00,negative,0.9997840523719788,17
com.newleaf.app.android.victor,ReelShort - Stream Drama & TV,TERRY REYNOLDS,look here this is one of the best apps that tell so many good Korean stories animated stories American stories all types of stories. I work the night shift and and during the morning Rush Hour going home I put this on and ride it all the way home and I enjoyed fully!,5,2026-04-30 21:34:03,positive,0.9998699426651001,53
com.newleaf.app.android.victor,ReelShort - Stream Drama & TV,Melissa Turner,love it,5,2026-04-30 21:28:48,positive,0.9998753070831299,2
com.newleaf.app.android.victor,ReelShort - Stream Drama & TV,Romaine Gilzine,best short reels,5,2026-04-30 21:26:18,positive,0.9995241165161133,3
com.newleaf.app.android.victor,ReelShort - Stream Drama & TV,Jojo Larido,yes yes. it's okir,5,2026-04-30 21:20:16,positive,0.9997784495353699,4
com.newleaf.app.android.victor,ReelShort - Stream Drama & TV,melissa pascual caluste,ilove it,5,2026-04-30 21:18:08,positive,0.9966289401054382,2
com.newleaf.app.android.victor,ReelShort - Stream Drama & TV,Angel Gonzalez,really good action and good movie clips to kill time I love it,5,2026-04-30 21:07:26,positive,0.9998687505722046,13
com.newleaf.app.android.victor,ReelShort - Stream Drama & TV,Helina Otwey,Happ app,5,2026-04-30 20:22:15,negative,0.9843388795852661,2
com.newleaf.app.android.victor,ReelShort - Stream Drama & TV,Fatima Naeem shah,it's my types show I'm love in it 🤩❤️,4,2026-04-30 19:29:15,positive,0.9994819760322571,9
com.newleaf.app.android.victor,ReelShort - Stream Drama & TV,Bus lover RAFIN RAZ,this is adorable 🤩,5,2026-04-30 18:50:27,positive,0.9998581409454346,4
com.newleaf.app.android.victor,ReelShort - Stream Drama & TV,Oke Oluwasegun,am so happy,5,2026-04-30 18:30:16,positive,0.9998730421066284,3
com.newleaf.app.android.victor,ReelShort - Stream Drama & TV,Chelo Leonora,nice to watch,5,2026-04-30 18:21:51,positive,0.9998505115509033,3
com.newleaf.app.android.victor,ReelShort - Stream Drama & TV,Malaga Bosvark,awesome,5,2026-04-30 18:19:04,positive,0.9998682737350464,1
com.newleaf.app.android.victor,ReelShort - Stream Drama & TV,Jeffrey Morales,this app is 👍,5,2026-04-30 18:12:57,negative,0.7835314273834229,4
com.newleaf.app.android.victor,ReelShort - Stream Drama & TV,Gift Liviho,anourmous,5,2026-04-30 17:59:53,negative,0.9495037198066711,1
com.newleaf.app.android.victor,ReelShort - Stream Drama & TV,Maegan Houser,yup,5,2026-04-30 17:56:57,positive,0.9970577955245972,1
com.newleaf.app.android.victor,ReelShort - Stream Drama & TV,Naomi Ilunga,love to watch on this app so much,5,2026-04-30 17:15:09,positive,0.9997281432151794,8
com.newleaf.app.android.victor,ReelShort - Stream Drama & TV,William Mojela,perfect,5,2026-04-30 16:56:08,positive,0.9998517036437988,1
com.newleaf.app.android.victor,ReelShort - Stream Drama & TV,Dallon Hobock,I would give zero start yes it's amazing but it stole my point and it stole book pages I was using now I have the go back through what I can watch because this app stole what was mine I done connected to both but this app takea from pple bc I should have over 600 points yet whoever stole them SO NO THIE APP TAKES UR POINTS,1,2026-04-30 16:42:13,negative,0.9984622001647949,68
com.newleaf.app.android.victor,ReelShort - Stream Drama & TV,Tiger Head Kate,"Not at all like the other fake apps that make you pay a lot of money, paying option but can also be completely free, 100% recommend!",5,2026-04-30 16:37:53,positive,0.9876199960708618,26
com.newleaf.app.android.victor,ReelShort - Stream Drama & TV,Ethan Hampl,love the stories only thing is slot of good ones end I'm cliff hangers,5,2026-04-30 15:51:57,negative,0.9887472987174988,14
com.newleaf.app.android.victor,ReelShort - Stream Drama & TV,Phoe Lone,good,5,2026-04-30 15:51:11,positive,0.9998161196708679,1
com.newleaf.app.android.victor,ReelShort - Stream Drama & TV,Ronald,"the app is the best, but make it more affordable and give more rewards",5,2026-04-30 15:46:34,positive,0.9990454316139221,14
com.newleaf.app.android.victor,ReelShort - Stream Drama & TV,Sarah Mudrazija,I like reading them.,5,2026-04-30 15:39:24,positive,0.9985369443893433,4
com.newleaf.app.android.victor,ReelShort - Stream Drama & TV,Tyler Lee,there were to many adds,1,2026-04-30 15:36:54,positive,0.9783429503440857,5
com.newleaf.app.android.victor,ReelShort - Stream Drama & TV,Jonnah Sastre,wow,5,2026-04-30 15:11:34,positive,0.999592125415802,1
com.newleaf.app.android.victor,ReelShort - Stream Drama & TV,Ronnie Sprague,fake app you won't ever be able to reach the withdraw amount,1,2026-04-30 15:08:55,negative,0.9996351003646851,12
com.newleaf.app.android.victor,ReelShort - Stream Drama & TV,Phill foden,great,5,2026-04-30 15:00:46,positive,0.9998630285263062,1
com.newleaf.app.android.victor,ReelShort - Stream Drama & TV,John Sebit,Amazing,5,2026-04-30 14:59:54,positive,0.999875545501709,1
com.newleaf.app.android.victor,ReelShort - Stream Drama & TV,Yvonne Jimenez,you said this is free your liers,1,2026-04-30 14:53:44,negative,0.9039921760559082,7
com.newleaf.app.android.victor,ReelShort - Stream Drama & TV,Nicole Terrazas,love it,5,2026-04-30 14:45:02,positive,0.9998753070831299,2
com.newleaf.app.android.victor,ReelShort - Stream Drama & TV,Laxmi Baral,it is good,4,2026-04-30 13:31:12,positive,0.9998494386672974,3
com.newleaf.app.android.victor,ReelShort - Stream Drama & TV,nancy,rip off,1,2026-04-30 13:27:36,negative,0.9996511936187744,2
com.newleaf.app.android.victor,ReelShort - Stream Drama & TV,Wal P,ya'll u have to watch ads to unlock Kids but my fav is don't miss me when I'm gone and mic drop,3,2026-04-30 13:05:55,positive,0.9952782392501831,22
com.newleaf.app.android.victor,ReelShort - Stream Drama & TV,Yurie Gumela,so funny,4,2026-04-30 12:54:02,positive,0.999876856803894,2
com.newleaf.app.android.victor,ReelShort - Stream Drama & TV,"Risnanik ,",good,5,2026-04-30 12:49:01,positive,0.9998161196708679,1
com.newleaf.app.android.victor,ReelShort - Stream Drama & TV,m imran,good,5,2026-04-30 12:47:46,positive,0.9998161196708679,1
com.newleaf.app.android.victor,ReelShort - Stream Drama & TV,Imani Russell,"Great variety of mini series on here, but a weekly membership is too expensive. Monthly I can do, but weekly, NO‼️So I just canceled my membership 😒",2,2026-04-30 12:21:30,negative,0.9994446635246277,27
com.newleaf.app.android.victor,ReelShort - Stream Drama & TV,Jordan Prupa,good,5,2026-04-30 12:09:44,positive,0.9998161196708679,1
com.newleaf.app.android.victor,ReelShort - Stream Drama & TV,Vaishnavi Ramesh,good,5,2026-04-30 12:04:32,positive,0.9998161196708679,1
com.newleaf.app.android.victor,ReelShort - Stream Drama & TV,Mary Watkins (Angelique),Thank you,5,2026-04-30 11:42:08,positive,0.9998352527618408,2
com.newleaf.app.android.victor,ReelShort - Stream Drama & TV,Danielle Aldrete,bs I wonder how u can charge a person so much to watch these videos.. scam as many people as you can... it's sickening,1,2026-03-31 23:57:17,negative,0.9995697140693665,24
com.newleaf.app.android.victor,ReelShort - Stream Drama & TV,Nomfingo Mtotywa,I highly recommend this app for watching short interesting films/stories,5,2026-03-31 22:54:33,positive,0.999664306640625,10
com.newleaf.app.android.victor,ReelShort - Stream Drama & TV,Danica Delegero,excellent,5,2026-03-31 22:53:23,positive,0.9998434782028198,1
com.newleaf.app.android.victor,ReelShort - Stream Drama & TV,Miné Erasmus,it would have been 5 stars if it had a download feature,3,2026-03-31 22:42:11,negative,0.9886536002159119,12
com.newleaf.app.android.victor,ReelShort - Stream Drama & TV,Namara Royda,too much adds few episodes of the shorts,5,2026-03-31 22:11:51,negative,0.9987654685974121,8
com.newleaf.app.android.victor,ReelShort - Stream Drama & TV,Shawnee Fenton,need to cancel but won't allow it,5,2026-03-31 22:08:27,negative,0.9933716058731079,7
com.newleaf.app.android.victor,ReelShort - Stream Drama & TV,Ola Ragab,Every while the program didn't open and I had to delete it and download it again where is the comb,5,2026-03-31 21:00:20,negative,0.9988762736320496,20
com.newleaf.app.android.victor,ReelShort - Stream Drama & TV,Sammy Mutunga,fantastic,1,2026-03-31 20:51:55,positive,0.9998743534088135,1
com.newleaf.app.android.victor,ReelShort - Stream Drama & TV,Bryan Gote,nice movie,5,2026-03-31 20:26:56,positive,0.9998552799224854,2
com.newleaf.app.android.victor,ReelShort - Stream Drama & TV,Henry Davis,very good,5,2026-03-31 20:11:15,positive,0.9998520612716675,2
com.newleaf.app.android.victor,ReelShort - Stream Drama & TV,Kipyegon Cheruiyot,so interesting and marvelous,5,2026-03-31 20:08:49,positive,0.9998860359191895,4
com.newleaf.app.android.victor,ReelShort - Stream Drama & TV,Haram Fatima Qaiser,nise,5,2026-03-31 19:57:27,negative,0.7907947301864624,1
com.newleaf.app.android.victor,ReelShort - Stream Drama & TV,Louise Lindley,"good app, no ads and easy to refill coins",5,2026-03-31 19:55:22,positive,0.9924888610839844,9
com.newleaf.app.android.victor,ReelShort - Stream Drama & TV,Raein kim,"if so, you can download melolo while watching you can earn. no need to pay for VIP. it's up to you there's so many dramas you can watch. watch it for free because I'm watching In melolo and it's great than this reelshort.",1,2026-03-31 18:01:15,positive,0.9998235106468201,43
com.newleaf.app.android.victor,ReelShort - Stream Drama & TV,Adelina Tambol,"good but what do you mean I have to watch 25,35,AND EVEN 50 long adds just to watch one short or 2 so useless and if you watch many adds YOU GET ONLT ONE PER SCROLL BEFORE YOU NEED TO WATCH ONE AGAIN, dont download this app is 1 star from being useless",2,2026-03-31 17:48:41,negative,0.9991068243980408,53
com.newleaf.app.android.victor,ReelShort - Stream Drama & TV,shoo gicole,its a nice ahort reels...i like your movie anime,5,2026-03-31 17:27:49,positive,0.999599277973175,9
com.newleaf.app.android.victor,ReelShort - Stream Drama & TV,Nokuthula Thabethe,Great,5,2026-03-31 17:15:19,positive,0.9998630285263062,1
com.newleaf.app.android.victor,ReelShort - Stream Drama & TV,awad mustafa,i did subscrition onley one movie then stopped which is very bad,1,2026-03-31 16:53:11,negative,0.9997972846031189,12
com.newleaf.app.android.victor,ReelShort - Stream Drama & TV,Precious Abajon,I loveeeee this drama app you might wanna watch ads to watch more but it's so worth it I love how you get more coins when you finished a drama and you can do some tasks to get more coins too recommend this guys!,5,2026-03-31 16:41:24,positive,0.9995859265327454,44
com.newleaf.app.android.victor,ReelShort - Stream Drama & TV,Candis Warner,awesome just wish you would get longer then a week for 19$,5,2026-03-31 16:39:14,positive,0.9330059289932251,12
com.newleaf.app.android.victor,ReelShort - Stream Drama & TV,Jayson Taberna,wla basta kasi bago mo mapanood kailangan mo manood ng ads bawat episode manood ka ng ads,1,2026-03-31 16:27:54,negative,0.9942374229431152,17
com.newleaf.app.android.victor,ReelShort - Stream Drama & TV,Valerie Valentine-Bigger,loveit,5,2026-03-31 16:18:58,positive,0.9992501139640808,1
com.newleaf.app.android.victor,ReelShort - Stream Drama & TV,Hoyeton Jacob,the movies are nice,5,2026-03-31 16:08:37,positive,0.9998732805252075,4
com.newleaf.app.android.victor,ReelShort - Stream Drama & TV,Palesa Mosikidi,it's good,3,2026-03-31 15:46:30,positive,0.9998360872268677,2
com.newleaf.app.android.victor,ReelShort - Stream Drama & TV,Annamarie Vorster,love to start the movie ans be dissapointed if I cannot watch the movie to tthe end. ver frustrating.,5,2026-03-31 15:31:50,positive,0.8239213824272156,19
com.newleaf.app.android.victor,ReelShort - Stream Drama & TV,Ernawati Wati,very nice,5,2026-03-31 14:36:29,positive,0.9998563528060913,2
com.newleaf.app.android.victor,ReelShort - Stream Drama & TV,Rommel Diaz,to many ads hard to get coin trash app don't download this application,1,2026-03-31 14:26:38,negative,0.9963253140449524,13
com.newleaf.app.android.victor,ReelShort - Stream Drama & TV,Gamede Mpilo,it was amazing 👏 🤩 😍 I really loved it ❤️,5,2026-03-31 13:17:13,positive,0.999852180480957,11
com.newleaf.app.android.victor,ReelShort - Stream Drama & TV,7empest 5teele,"Just ridiculous. I watched 2 animes. Both had contradictions in EVERY. CHAPTER. The first Antagonist wants to END the ONLY SSS rank talent that has EVER been seen! You then see the OTHER SSS RANK PILOTS in a few chapters. The actors literally walk over everyone's lines, the cut and editing are abysmal. The seexual innuendo are obvious, in each pairing, added to the dialog SO CONFUSED at what one another means. Could she MEAN, what does he MEAN, do they MEAN? It is repeadative and irritating.",1,2026-03-31 13:03:44,negative,0.9995604157447815,87
com.newleaf.app.android.victor,ReelShort - Stream Drama & TV,Whinnelune Ballesteros,I love it so much,5,2026-03-31 12:54:44,positive,0.9998809099197388,5
com.newleaf.app.android.victor,ReelShort - Stream Drama & TV,Hanna Tan,always add but good 👍,1,2026-03-31 12:50:06,positive,0.9996856451034546,5
com.newleaf.app.android.victor,ReelShort - Stream Drama & TV,Jhamica Autor,WORST SCAM APP,1,2026-03-31 12:35:11,negative,0.9997804760932922,3
com.newleaf.app.android.victor,ReelShort - Stream Drama & TV,Katie A,I like cats master,5,2026-03-31 11:58:48,positive,0.9994984865188599,4
com.newleaf.app.android.victor,ReelShort - Stream Drama & TV,Aliyu Ndeji Abdullahi,it's superbly awesome.,5,2026-03-31 11:43:52,positive,0.999880313873291,3
com.newleaf.app.android.victor,ReelShort - Stream Drama & TV,Reynan Turla,WOW,5,2026-03-31 11:37:27,positive,0.999592125415802,1
com.newleaf.app.android.victor,ReelShort - Stream Drama & TV,Anicah Policarpio,is lock,1,2026-03-31 10:14:27,positive,0.9205300211906433,2
com.newleaf.app.android.victor,ReelShort - Stream Drama & TV,Joshua zimuzo Godwin,one of the best app for watching shorts,5,2026-03-31 09:25:58,positive,0.9996905326843262,8
com.newleaf.app.android.victor,ReelShort - Stream Drama & TV,petros katsambas,"wasting time app , single minute videos , you must pay to watch , same senarios all the time.",1,2026-03-31 09:03:07,negative,0.9994027614593506,19
com.newleaf.app.android.victor,ReelShort - Stream Drama & TV,Ryan Tolentino,nice,5,2026-03-31 08:49:20,positive,0.9998552799224854,1
com.newleaf.app.android.victor,ReelShort - Stream Drama & TV,Michael Magbanua,good,5,2026-03-31 08:20:28,positive,0.9998161196708679,1
com.newleaf.app.android.victor,ReelShort - Stream Drama & TV,happyView,nice,5,2026-03-31 07:45:36,positive,0.9998552799224854,1
com.newleaf.app.android.victor,ReelShort - Stream Drama & TV,Shirley Crowell,it takes to much time to be able to watch the entire series unless you pay money,1,2026-03-31 07:29:49,negative,0.9993987083435059,17
com.newleaf.app.android.victor,ReelShort - Stream Drama & TV,Hadiza Ahmed,nice app,5,2026-03-31 06:40:21,positive,0.9998061060905457,2
com.newleaf.app.android.victor,ReelShort - Stream Drama & TV,Elizabeth Dansu Mauseyon,it's a very good app,5,2026-03-31 06:37:24,positive,0.9998743534088135,5
com.newleaf.app.android.victor,ReelShort - Stream Drama & TV,Rain Zephyr,the payments,3,2026-03-31 05:51:39,positive,0.9963058233261108,2
com.newleaf.app.android.victor,ReelShort - Stream Drama & TV,Marta Kuzyk,Love,5,2026-03-31 05:36:53,positive,0.9998735189437866,1
com.newleaf.app.android.victor,ReelShort - Stream Drama & TV,Swati V Sharma,👍🏻,5,2026-03-31 05:33:38,negative,0.6970565915107727,1
com.newleaf.app.android.victor,ReelShort - Stream Drama & TV,Datu Cedie,good,5,2026-03-31 04:53:16,positive,0.9998161196708679,1
com.newleaf.app.android.victor,ReelShort - Stream Drama & TV,bijay magar,Good,5,2026-03-31 04:39:41,positive,0.9998161196708679,1
com.newleaf.app.android.victor,ReelShort - Stream Drama & TV,Leah Carstens,love love love,5,2026-03-31 04:24:51,positive,0.9998183846473694,3
com.newleaf.app.android.victor,ReelShort - Stream Drama & TV,Joshrine Dantes,"misleading content or doesn't work as advertised. this was my experience, I watch a series and my audio was tagalog then there's a ad when I press it theres a letter said to unlock no ads so I press it then after the ad there's a circle and I press the back button then when I came back the audio is not tagalog and there's no tagalog audio and it is a bug then chatgpt said that because of the bug the tagalog audio possible cannot came back. and I don't like it",1,2026-02-28 23:46:14,negative,0.9994937181472778,93
com.newleaf.app.android.victor,ReelShort - Stream Drama & TV,Daryll Dejarlo (TADO),"When I first downloaded the app, I was excited to watch full episodes of drama I like. But after using it for a while, I’ve started feeling really frustrated with how the app works. What’s even more annoying is how the app seems to make money. They let you watch just one or two episodes, and then you’re suddenly forced to watch ads or interact with short reels to unlock more. It feels like the app is more focused on earning through ads and reels than on giving users a good experience",1,2026-02-28 23:42:41,negative,0.9992325305938721,92
com.newleaf.app.android.victor,ReelShort - Stream Drama & TV,Lezille Noche,"tanginang apps yan puro adds, kada scroll adds amp.",1,2026-02-28 22:46:21,negative,0.6621866226196289,9
com.newleaf.app.android.victor,ReelShort - Stream Drama & TV,Matty Roa,Good stories ..,5,2026-02-28 22:46:08,positive,0.9998621940612793,3
com.newleaf.app.android.victor,ReelShort - Stream Drama & TV,Reine Bombita,nice app,5,2026-02-28 22:45:23,positive,0.9998061060905457,2
com.newleaf.app.android.victor,ReelShort - Stream Drama & TV,Mbali Mtshali,3 stars because we watch add to watch episodes but you can make a game that u play and earn episodes. but otherwise this app is perfect 👌,3,2026-02-28 22:18:30,positive,0.9988382458686829,28
com.newleaf.app.android.victor,ReelShort - Stream Drama & TV,goodwell madumbu,very entertaining,5,2026-02-28 22:16:06,positive,0.9998849630355835,2
com.newleaf.app.android.victor,ReelShort - Stream Drama & TV,Isha Browne,can't get to finish watching the shows pressing play an it's not playing,1,2026-02-28 22:08:20,negative,0.9995734095573425,13
com.newleaf.app.android.victor,ReelShort - Stream Drama & TV,Hayyan,very good,5,2026-02-28 21:53:07,positive,0.9998520612716675,2
com.newleaf.app.android.victor,ReelShort - Stream Drama & TV,phally in,Soo good ☺️,5,2026-02-28 21:48:12,positive,0.9996825456619263,3
com.newleaf.app.android.victor,ReelShort - Stream Drama & TV,Pikaming,if you like BL came here🍌,5,2026-02-28 21:34:04,positive,0.7070042490959167,6
com.newleaf.app.android.victor,ReelShort - Stream Drama & TV,Miya Kalifa,10 advertisement for episodes bruh,1,2026-02-28 21:26:33,negative,0.996803879737854,5
com.newleaf.app.android.victor,ReelShort - Stream Drama & TV,Alif Aiman,"nampak cerita dekat TikTok, terus install sebab memang best cerita dia",5,2026-02-28 21:17:24,negative,0.9447103142738342,11
com.newleaf.app.android.victor,ReelShort - Stream Drama & TV,dilshan deshapriya,it's woow,5,2026-02-28 21:10:35,negative,0.9928132891654968,2
com.newleaf.app.android.victor,ReelShort - Stream Drama & TV,Darwin De Vera,"To many ads , 50 % ads 50% short vedeo. good luck",1,2026-02-28 20:53:44,positive,0.9537028074264526,12
com.newleaf.app.android.victor,ReelShort - Stream Drama & TV,Alexander Miana Pabicca,⭐⭐⭐⭐⭐,5,2026-02-28 20:52:10,negative,0.6970565915107727,1
com.newleaf.app.android.victor,ReelShort - Stream Drama & TV,Lameez Karridien,I love it but I want it to be free,5,2026-02-28 20:43:24,positive,0.9939848780632019,10
com.newleaf.app.android.victor,ReelShort - Stream Drama & TV,Salma Shaikh,Best dramas,5,2026-02-28 20:08:48,positive,0.9998025298118591,2
com.newleaf.app.android.victor,ReelShort - Stream Drama & TV,oladiwura oseni,amazing,5,2026-02-28 19:26:02,positive,0.999875545501709,1
com.newleaf.app.android.victor,ReelShort - Stream Drama & TV,Robert Mikhael,I spent $15 for a few minutes to watch what a whip off,1,2026-02-28 19:07:37,negative,0.9950634837150574,13
com.newleaf.app.android.victor,ReelShort - Stream Drama & TV,Nana Akua,cool watching movies,5,2026-02-28 18:21:24,positive,0.9998341798782349,3
com.newleaf.app.android.victor,ReelShort - Stream Drama & TV,Joniel Espos,🖤🖤🖤,5,2026-02-28 17:55:53,negative,0.6970565915107727,1
com.newleaf.app.android.victor,ReelShort - Stream Drama & TV,Jessica Ranft,I'm hooked,5,2026-02-28 17:55:05,positive,0.9976859092712402,2
com.newleaf.app.android.victor,ReelShort - Stream Drama & TV,Brandy Bastura,Holy Expensive! It's great to watch the stories for free...until you can't anymore. and who is going to spend $27.99 per week or $279.99 for a year? The prices are atrocious and far more expensive than any other streaming device around. I can get every channel on a satellite for less than you charge for a year subscription. Change your prices and I'll change my review,1,2026-02-28 17:37:50,negative,0.9914278388023376,66
com.newleaf.app.android.victor,ReelShort - Stream Drama & TV,Bea Coderes,love it,5,2026-02-28 17:35:59,positive,0.9998753070831299,2
com.newleaf.app.android.victor,ReelShort - Stream Drama & TV,Suzette,it crashes when I try to open,1,2026-02-28 17:20:02,negative,0.9995719790458679,7
com.newleaf.app.android.victor,ReelShort - Stream Drama & TV,shorif khan,nice,5,2026-02-28 16:58:22,positive,0.9998552799224854,1
com.newleaf.app.android.victor,ReelShort - Stream Drama & TV,Chrystal Mueller (Chrys),"To be honest, I found the shorts entertaining. However, if you add the cost with other streaming platforms then add the cost to finish one short the entertainment is not worth. Oh, I was charged the subscription cost twice when I tried the app on a trial basis",2,2026-02-28 16:53:29,negative,0.993988037109375,48
com.newleaf.app.android.victor,ReelShort - Stream Drama & TV,Mary VG (MareBare),"love it, just whish vip came with coins not diamonds",5,2026-02-28 16:26:45,positive,0.9948931932449341,10
com.newleaf.app.android.victor,ReelShort - Stream Drama & TV,Janny nandi Nounmony,very nice,5,2026-02-28 16:04:04,positive,0.9998563528060913,2
com.newleaf.app.android.victor,ReelShort - Stream Drama & TV,Mo Nica,it's very good,5,2026-02-28 16:01:15,positive,0.9998470544815063,3
com.newleaf.app.android.victor,ReelShort - Stream Drama & TV,Noel Generosa,excellent,5,2026-02-28 16:01:14,positive,0.9998434782028198,1
com.newleaf.app.android.victor,ReelShort - Stream Drama & TV,James Gardner,I like it,5,2026-02-28 15:35:34,positive,0.9998593330383301,3
com.newleaf.app.android.victor,ReelShort - Stream Drama & TV,Nathan Lanham,Garbage! I downloaded it because I got drawn in by the clips they were showing on tiktok ads... I started watching the show and when the action started that's when they tell you to pay or watch an ad to continue... I thought sure I'll watch an ad... I mean it's just like commercials on regular TV... So I watched one and it let me watch a little longer... I watched another and watched more but I was thinking to myself the amount of time it let me watch seemed a bit shorter...,1,2026-02-28 15:19:29,negative,0.9995958209037781,93
com.newleaf.app.android.victor,ReelShort - Stream Drama & TV,Michael Paige,great stories,5,2026-02-28 14:59:10,positive,0.9998620748519897,2
com.newleaf.app.android.victor,ReelShort - Stream Drama & TV,rpg,Good,5,2026-02-28 14:52:04,positive,0.9998161196708679,1
com.newleaf.app.android.victor,ReelShort - Stream Drama & TV,Shania Ross,little bit episode after ad..only one to watch then watch another ad😤,3,2026-02-28 14:51:21,negative,0.9952085614204407,12
com.newleaf.app.android.victor,ReelShort - Stream Drama & TV,Franco Suguitan,this apps is not recommended.... need to pay? lop,1,2026-02-28 14:27:34,negative,0.9997283816337585,9
com.newleaf.app.android.victor,ReelShort - Stream Drama & TV,Mate,for one you can watch a few episodes then u get ad blocked watch a ad for 15 sec of your story dont try to get a subscription cause your gonna be paying your arm for it,1,2026-02-28 14:25:13,negative,0.9993131160736084,37
com.newleaf.app.android.victor,ReelShort - Stream Drama & TV,Kulot Torbiso,quite good,5,2026-02-28 13:38:38,positive,0.9998592138290405,2
com.newleaf.app.android.victor,ReelShort - Stream Drama & TV,Thomas Odhiambo,nice,5,2026-02-28 13:05:49,positive,0.9998552799224854,1
com.newleaf.app.android.victor,ReelShort - Stream Drama & TV,Rickey Trainer,cool,5,2026-02-28 12:40:55,positive,0.9998509883880615,1
com.newleaf.app.android.victor,ReelShort - Stream Drama & TV,Angelo Lexus,one series should have a season 2 it's called he's done being nice,5,2026-02-28 11:40:45,negative,0.99603670835495,13
com.newleaf.app.android.victor,ReelShort - Stream Drama & TV,Justin Bingham,"Shows more of the episode on TikTok than in their own app, downloaded for about 30 seconds and then deleted",1,2026-02-28 11:37:52,negative,0.9992782473564148,20
com.newleaf.app.android.victor,ReelShort - Stream Drama & TV,Angel Herrera,"i love this app , best short stories",5,2026-02-28 11:13:49,positive,0.9998531341552734,8
com.newleaf.app.android.victor,ReelShort - Stream Drama & TV,Marcy Laraya,Their movies are so addictive,5,2026-02-28 11:10:13,positive,0.9987553358078003,5
com.newleaf.app.android.victor,ReelShort - Stream Drama & TV,Juan Carlos Morales,I love the suspense and the fact that you watch one ad and unlock 2 episodes,5,2026-02-28 10:50:26,positive,0.9998053908348083,16
com.newleaf.app.android.victor,ReelShort - Stream Drama & TV,Alex Gerard,beautiful,4,2026-02-28 10:47:49,positive,0.9998807907104492,1
com.newleaf.app.android.victor,ReelShort - Stream Drama & TV,Eulogio III David,not recommended it makes me bored and every second that I watch,1,2026-02-28 10:26:40,negative,0.9994218349456787,12
com.newleaf.app.android.victor,ReelShort - Stream Drama & TV,An gel,I don't have experience this app cause They have to pay if you want to watch,3,2026-02-28 10:07:37,negative,0.9766503572463989,16
com.newleaf.app.android.victor,ReelShort - Stream Drama & TV,Roze Wintermoon,"false advertisement. I joined because it mentioned in an ad that I'd be able to watch without ads or interruption and no credit card needed. it also specifically said from start to finish. Not that it would cut off somewhere. Needs a Credit Card or to watch probably more ads than video. Since I was interested in the one, I watched till the end with ads but removing. Also only 10 videos a day with ads. Short videos from what I saw.",1,2026-01-31 23:47:44,negative,0.9988503456115723,82
com.newleaf.app.android.victor,ReelShort - Stream Drama & TV,Roseanne Woodward,total scam price wise !,1,2026-01-31 23:05:08,negative,0.9951711297035217,5
com.newleaf.app.android.victor,ReelShort - Stream Drama & TV,rafsandiego,"ReelShort? Real garbage. The acting is equivalent to a high school drama class. The writing is so trite, an episode of The Flintstones is more engrossing. lol",1,2026-01-31 22:47:10,negative,0.9990981817245483,27
com.newleaf.app.android.victor,ReelShort - Stream Drama & TV,Rodelio Calabia jr,very bad app don't waste your time to download this app.. money money...,1,2026-01-31 22:19:55,negative,0.9974151849746704,13
com.newleaf.app.android.victor,ReelShort - Stream Drama & TV,Charmaine Lennon,I love it.awesome ❤️ 😍,5,2026-01-31 22:05:03,positive,0.9998855590820312,5
com.newleaf.app.android.victor,ReelShort - Stream Drama & TV,Daniella nishimwe,good,5,2026-01-31 21:41:29,positive,0.9998161196708679,1
com.newleaf.app.android.victor,ReelShort - Stream Drama & TV,kei satou,とても良い！！,5,2026-01-31 21:22:40,negative,0.7470502257347107,1
com.newleaf.app.android.victor,ReelShort - Stream Drama & TV,sabir ali,it's good nice and very interesting,5,2026-01-31 20:40:37,positive,0.9998754262924194,6
com.newleaf.app.android.victor,ReelShort - Stream Drama & TV,Marion Hughes,love this,5,2026-01-31 20:31:24,positive,0.9998822212219238,2
com.newleaf.app.android.victor,ReelShort - Stream Drama & TV,Carol Koski,right now I'm very pissed off on January 28 I paid a weeks worth which it won't expire until February 4 and it's asking for more money fix this situation.,1,2026-01-31 20:10:27,negative,0.9995050430297852,30
com.newleaf.app.android.victor,ReelShort - Stream Drama & TV,The Orb Links,The best,5,2026-01-31 19:25:19,positive,0.9998332262039185,2
com.newleaf.app.android.victor,ReelShort - Stream Drama & TV,Cynthia Chukwuebuka,exceptional!,5,2026-01-31 19:06:16,positive,0.9998698234558105,1
com.newleaf.app.android.victor,ReelShort - Stream Drama & TV,atiku mohammad,Nice and Entertaining,5,2026-01-31 18:45:25,positive,0.9998750686645508,3
com.newleaf.app.android.victor,ReelShort - Stream Drama & TV,Shahin Zeon Daza,worth watching,5,2026-01-31 18:43:52,positive,0.9998375177383423,2
com.newleaf.app.android.victor,ReelShort - Stream Drama & TV,VICTORY EHICHIOYA,The app is actually nice but it's usually slow and to watch 1 episode takes a lot of time to load and play I thought it was my network but it wasn't so I don't know what happened,3,2026-01-31 17:53:12,negative,0.9960761666297913,38
com.newleaf.app.android.victor,ReelShort - Stream Drama & TV,Heather McAllister,2 minute ads for 15 seconds of film,1,2026-01-31 17:22:02,negative,0.9988831877708435,8
com.newleaf.app.android.victor,ReelShort - Stream Drama & TV,Candi Gibson-Rogers,Enjoy stories.....hate the over abundance of games and ads.,5,2026-01-31 17:18:19,positive,0.9604294896125793,9
com.newleaf.app.android.victor,ReelShort - Stream Drama & TV,Nourhan Mohammed,really 😎,5,2026-01-31 16:57:52,positive,0.9721654653549194,2
com.newleaf.app.android.victor,ReelShort - Stream Drama & TV,Simphiwe Dlamini,"It's really cool and fun , and the episodes are Epic😝😝",5,2026-01-31 16:57:10,positive,0.9998786449432373,11
com.newleaf.app.android.victor,ReelShort - Stream Drama & TV,Lee Ann Lewis,it is so good 😊,5,2026-01-31 16:23:58,positive,0.9998810291290283,5
com.newleaf.app.android.victor,ReelShort - Stream Drama & TV,brettny burns,cool,5,2026-01-31 14:12:11,positive,0.9998509883880615,1
com.newleaf.app.android.victor,ReelShort - Stream Drama & TV,Enika Heofa,it's amazing😍,5,2026-01-31 14:05:48,positive,0.9126965999603271,2
com.newleaf.app.android.victor,ReelShort - Stream Drama & TV,Ladacher Whitmyre,"I have been trying to get rid of this realshort app for the past 3-4 weeks. I have wrote emails have yet to hear from someone. I also tried to get in contact with someone but it's not allowing you to talk to anybody. The reelshort app just stop working and it made me upset. I deleted it and downloaded it back and it is still not letting me watch a full reel. So with that being said, I need this app to stop charging me for something that I am not looking at. STOP CHARGING ME!!!",1,2026-01-31 13:40:55,negative,0.9994373917579651,97
com.newleaf.app.android.victor,ReelShort - Stream Drama & TV,Theylove_kaliyah,amazing I love it,5,2026-01-31 13:09:00,positive,0.9998822212219238,4
com.newleaf.app.android.victor,ReelShort - Stream Drama & TV,Alexis Wright,"So far, it's a decent storyline.",4,2026-01-31 12:57:17,positive,0.9998427629470825,6
com.newleaf.app.android.victor,ReelShort - Stream Drama & TV,Sonny Hartfield,too much paying to have this app,1,2026-01-31 12:49:07,negative,0.9996645450592041,7
com.newleaf.app.android.victor,ReelShort - Stream Drama & TV,jm ybs,Nice to watch movie series 👍,5,2026-01-31 12:48:49,positive,0.999695897102356,6
com.newleaf.app.android.victor,ReelShort - Stream Drama & TV,Ayana Smith,"they straight up lie about it being free, all the content is pay to veiw and it's ridiculously expensive",1,2026-01-31 12:42:58,negative,0.9989532232284546,19
com.newleaf.app.android.victor,ReelShort - Stream Drama & TV,Audencio Ramirez,love it but too much adds,5,2026-01-31 12:19:04,negative,0.6898103356361389,6
com.newleaf.app.android.victor,ReelShort - Stream Drama & TV,Andree Simmons,Not bad,5,2026-01-31 11:11:35,positive,0.9995881915092468,2
com.newleaf.app.android.victor,ReelShort - Stream Drama & TV,Martin Wickstead,the best,5,2026-01-31 11:04:52,positive,0.9998332262039185,2
com.newleaf.app.android.victor,ReelShort - Stream Drama & TV,Janita Purbhoo,"Worst app... I understand you need ads, but too many ads. I can do without this. Waste of my time.",1,2026-01-31 10:41:04,negative,0.9998014569282532,20
com.newleaf.app.android.victor,ReelShort - Stream Drama & TV,Pooh Bird,too much ads for watching episodes,2,2026-01-31 10:40:23,negative,0.999731719493866,6
com.newleaf.app.android.victor,ReelShort - Stream Drama & TV,Crystal Hernandez,good app,5,2026-01-31 09:57:29,positive,0.9998493194580078,2
com.newleaf.app.android.victor,ReelShort - Stream Drama & TV,Legend Sir Dark,Paid for garbage shouldn't have to pay to see stories this app is trash,1,2026-01-31 09:55:57,negative,0.9986749291419983,14
com.newleaf.app.android.victor,ReelShort - Stream Drama & TV,Jenipher Mackenzie,False advertisement. u have to pay to unlock episodes or watch videos but yr only allowed to watch 10 videos at a time.,1,2026-01-31 09:54:55,negative,0.9954811334609985,23
com.newleaf.app.android.victor,ReelShort - Stream Drama & TV,dara vanessa Unabia,this is the best drama app in the world I totally recommend you install this 🤯,5,2026-01-31 09:45:04,positive,0.9991336464881897,16
com.newleaf.app.android.victor,ReelShort - Stream Drama & TV,Kayla Schroeder,I would rate higher but u make folks buy the reels that last not even long at all I'll be deleting it I can watch the same stories you got on here on a different app that DOES NOT CHARGE ME!!!!,1,2026-01-31 09:23:19,negative,0.9975292086601257,41
com.newleaf.app.android.victor,ReelShort - Stream Drama & TV,angela lobue,"very dissatisfied, the stories are good, the plots are good, but the advertisement where all episodes are free, yeah, in days time.... because like all other reviews I have read, you have to watch ads, then you have t rewatch some of the scene that you just seen. I deleted the app because it's not worth my effort to try watching the ones that Interest me because I get frustrated with having to watch ads, and then seeing what I just watched. false advertisement, no interpretation. yall suck!:)",1,2026-01-31 09:19:07,negative,0.9993405938148499,88
com.newleaf.app.android.victor,ReelShort - Stream Drama & TV,Justin Lewis,"This app lies it's garbage , do not download",1,2026-01-31 08:44:04,negative,0.9997642636299133,9
com.newleaf.app.android.victor,ReelShort - Stream Drama & TV,Eben Head,better shorts than tick socks,5,2026-01-31 08:36:15,positive,0.6044502258300781,5
com.newleaf.app.android.victor,ReelShort - Stream Drama & TV,Carolyn Welch,I 💕 it,5,2026-01-31 08:24:54,negative,0.9675787687301636,3
com.newleaf.app.android.victor,ReelShort - Stream Drama & TV,Deb Godfrey,You cant watch the whole movie for free. you have to watch ads that are longer than the part of the movie you get to watch. Just lies to get you to subscribe and pay.,1,2026-01-31 08:10:41,negative,0.9977487921714783,35
com.newleaf.app.android.victor,ReelShort - Stream Drama & TV,Thomas Blessing,I'm loving it,5,2026-01-31 08:07:54,positive,0.9998766183853149,3
com.newleaf.app.android.victor,ReelShort - Stream Drama & TV,Angela Alderete,love it wish we could watch full videos for. free,5,2026-01-31 07:54:21,positive,0.9987439513206482,10
com.newleaf.app.android.victor,ReelShort - Stream Drama & TV,Sarah Harris,they take ur money and then make u restart the movie ... then when u go to where u left off they pull same scam to have u pay again,1,2026-01-31 07:50:24,negative,0.9985668063163757,30
com.newleaf.app.android.victor,ReelShort - Stream Drama & TV,Caroline Priestley,steals coins when you get enough i saved 600 and watched one episode then went to 48,1,2026-01-31 07:43:00,negative,0.9963697195053101,17
com.newleaf.app.android.victor,ReelShort - Stream Drama & TV,Brianna Perez,a purchase was accidentally made and they will not give back a refund!!! wouldn't download!!!,1,2026-01-31 07:38:30,negative,0.9932116270065308,15
com.newleaf.app.android.victor,ReelShort - Stream Drama & TV,charlene Stiles,paid $199 for year subscription still charged for movies full price and when I tried to cancel they wouldn't give me a refund also took $199 twice!!! never got a chance to watch movies!!,1,2026-01-31 07:38:09,negative,0.9991490840911865,34
com.newleaf.app.android.victor,ReelShort - Stream Drama & TV,Lillian Walema,good,5,2026-01-31 07:02:23,positive,0.9998161196708679,1
com.newleaf.app.android.victor,ReelShort - Stream Drama & TV,susan McGrath-Tate,"EDIT 2025 Ihave just wached an ad saying all episodes free so installed it again and no they are not first few yes the you get 7 more if you watch an add before it, then they want money or you have to wait 24hrs for next ads 😪Love these little short video's, but same as everyone else way to many ads. Wouldn't mind all the ads if the scenes were longer.",3,2025-12-31 23:59:41,negative,0.9988759160041809,72
com.newleaf.app.android.victor,ReelShort - Stream Drama & TV,Kgomotso Ngcobo,app is great but contains lot of ads,4,2025-12-31 23:49:22,positive,0.9772761464118958,8
com.newleaf.app.android.victor,ReelShort - Stream Drama & TV,Sohorani John,the app is cool... but the apps are freaking annoying,4,2025-12-31 23:47:32,negative,0.9979384541511536,10
com.newleaf.app.android.victor,ReelShort - Stream Drama & TV,Richard Hauser,"Alot of money to spend on a single story, books are cheaper. I'm left with disappointment that the fact the stories are a trial and you have to pay for the rest of the story. Shameful",1,2025-12-31 23:21:34,negative,0.999663233757019,36
com.newleaf.app.android.victor,ReelShort - Stream Drama & TV,Patrick Shaka,best app ever besides the ads,5,2025-12-31 23:06:10,positive,0.9996609687805176,6
com.newleaf.app.android.victor,ReelShort - Stream Drama & TV,Collins Nnebolins,so good and to watch,5,2025-12-31 23:06:06,positive,0.9998657703399658,5
com.newleaf.app.android.victor,ReelShort - Stream Drama & TV,Marvin Leday,ReelShort is my go to app now.,5,2025-12-31 22:42:34,negative,0.8784095048904419,7
com.newleaf.app.android.victor,ReelShort - Stream Drama & TV,Amanda Childress,lovely,5,2025-12-31 22:15:27,positive,0.9998601675033569,1
com.newleaf.app.android.victor,ReelShort - Stream Drama & TV,Aliyah Howie,it help me sleep and keep me calm too and this is why u might hate it because u have to pay for it and\or watch a add for it,5,2025-12-31 22:06:25,negative,0.9878223538398743,30
com.newleaf.app.android.victor,ReelShort - Stream Drama & TV,Melissa Funyufunyu,It's good,5,2025-12-31 21:46:59,positive,0.9998360872268677,2
com.newleaf.app.android.victor,ReelShort - Stream Drama & TV,Lisa Boudreau,Way too many ads Every 3 mins or less you get a 30-40sec ad. After you watch about 10 clips you have to come back the next day. Honestly not worth it for a low budget drama. Halmark Christmas movies are better. Lol,1,2025-12-31 21:43:54,negative,0.999370276927948,43
com.newleaf.app.android.victor,ReelShort - Stream Drama & TV,Bakare Adejoke,the adds are too much,2,2025-12-31 21:36:05,negative,0.999321460723877,5
com.newleaf.app.android.victor,ReelShort - Stream Drama & TV,Asagba Destiny,great movies,3,2025-12-31 21:22:16,positive,0.9998416900634766,2
com.newleaf.app.android.victor,ReelShort - Stream Drama & TV,Deborah Mensah,I live the stories,5,2025-12-31 21:06:31,positive,0.9998255372047424,4
com.newleaf.app.android.victor,ReelShort - Stream Drama & TV,Megal Visagie,Cool Need more app like this,5,2025-12-31 21:02:45,positive,0.9946495890617371,6
com.newleaf.app.android.victor,ReelShort - Stream Drama & TV,Anietie Dickson,I really like it I really love their drama but they don't allow me to watch it all until I subscribe in which I don't have money to subscribe you people should consider we are using data please,4,2025-12-31 20:46:33,negative,0.9784716963768005,38
com.newleaf.app.android.victor,ReelShort - Stream Drama & TV,Elemoro Fathia,it's good,5,2025-12-31 20:42:48,positive,0.9998360872268677,2
com.newleaf.app.android.victor,ReelShort - Stream Drama & TV,Mary Jane,"I'm so disappointed I believed that the stories once you installed the app was free but you only get the first few episodes for free an after that they want your money, this is a fraud and that's why I uninstalled.",1,2025-12-31 20:37:04,negative,0.9991104006767273,41
com.newleaf.app.android.victor,ReelShort - Stream Drama & TV,Ace Catedrilla,nice,5,2025-12-31 20:31:57,positive,0.9998552799224854,1
com.newleaf.app.android.victor,ReelShort - Stream Drama & TV,JOEL SCOTT,love it,5,2025-12-31 20:25:26,positive,0.9998753070831299,2
com.newleaf.app.android.victor,ReelShort - Stream Drama & TV,Justin Rodriguez,It is not free at all and making me watch 10 ads is completely stupid .If I could rate it lower I would,1,2025-12-31 20:15:26,negative,0.9997962117195129,23
com.newleaf.app.android.victor,ReelShort - Stream Drama & TV,Emmanuel Omeife,very good,5,2025-12-31 19:46:58,positive,0.9998520612716675,2
com.newleaf.app.android.victor,ReelShort - Stream Drama & TV,BELIEVE- THA-GUY,It is very good application,3,2025-12-31 19:37:57,positive,0.9998705387115479,5
com.newleaf.app.android.victor,ReelShort - Stream Drama & TV,Zailu Garcia,👍 watching tv drama 😂,5,2025-12-31 18:58:37,negative,0.8861956000328064,5
com.newleaf.app.android.victor,ReelShort - Stream Drama & TV,Kali Freese,I want to cancel my membership I was charged twice,1,2025-12-31 18:31:18,negative,0.9997856020927429,10
com.newleaf.app.android.victor,ReelShort - Stream Drama & TV,Nonceba Ngema Masinga,The best .............,5,2025-12-31 18:23:16,positive,0.9998651742935181,3
com.newleaf.app.android.victor,ReelShort - Stream Drama & TV,Sindhujalincy Kumar,You and ur website is trash don't purchase here money wasted not able to use,1,2025-12-31 18:12:53,negative,0.994087815284729,15
com.newleaf.app.android.victor,ReelShort - Stream Drama & TV,Gerda De Beer,excellent,5,2025-12-31 18:03:53,positive,0.9998434782028198,1
com.newleaf.app.android.victor,ReelShort - Stream Drama & TV,Deborah Gevin,"it has amazing and great story's my three favorites are once upon a break up, and there is two farmer ones that I really like but i forget the name. anyways great acting!!!real short is my favorite app and im so grateful to have it. and they have so handsome characters 😍.",5,2025-12-31 17:50:07,positive,0.9996218681335449,52
com.newleaf.app.android.victor,ReelShort - Stream Drama & TV,T Laltan Puia,good,5,2025-12-31 17:43:21,positive,0.9998161196708679,1
com.newleaf.app.android.victor,ReelShort - Stream Drama & TV,Ismael Tambriz,I love booty drama,5,2025-12-31 17:42:42,positive,0.9997479319572449,4
com.newleaf.app.android.victor,ReelShort - Stream Drama & TV,Arika Keisham,excellent,5,2025-12-31 17:01:48,positive,0.9998434782028198,1
com.newleaf.app.android.victor,ReelShort - Stream Drama & TV,Varsha Singh,great,5,2025-12-31 17:00:00,positive,0.9998630285263062,1
com.newleaf.app.android.victor,ReelShort - Stream Drama & TV,Jason Jackson,I haven't been on there long but so far it's pretty cool 😎,4,2025-12-31 16:53:55,positive,0.9997583031654358,13
com.newleaf.app.android.victor,ReelShort - Stream Drama & TV,Hope,love all the stories they are amazing,5,2025-12-31 16:50:12,positive,0.9998878240585327,7
com.newleaf.app.android.victor,ReelShort - Stream Drama & TV,Luis Davila,nice,5,2025-12-31 16:27:21,positive,0.9998552799224854,1
com.newleaf.app.android.victor,ReelShort - Stream Drama & TV,Synx Aelphi Deusdedit,OMG LOVE IT BUT I CANT LIE THIS IS ONE AMONG THE BEST APP I HAVE EVER DOWNLOAD IN MY MOBILE I SUGGEST PEOPLE SHOULD GIVE IT A GO,5,2025-12-31 16:18:16,positive,0.9996131062507629,29
com.newleaf.app.android.victor,ReelShort - Stream Drama & TV,Sabrina Raniya,so best,5,2025-12-31 16:08:58,positive,0.9997640252113342,2
com.newleaf.app.android.victor,ReelShort - Stream Drama & TV,cHonG Zhanine getrich,In a sgort movie you feel excited to the seen,5,2025-12-31 15:50:37,positive,0.9996341466903687,10
com.newleaf.app.android.victor,ReelShort - Stream Drama & TV,Kenny Zhao,need to pay which I don't like but the videos are top class,4,2025-12-31 15:48:55,positive,0.9994864463806152,13
com.newleaf.app.android.victor,ReelShort - Stream Drama & TV,Tom M,trash app,1,2025-12-31 15:40:16,negative,0.9995354413986206,2
com.newleaf.app.android.victor,ReelShort - Stream Drama & TV,Maverick Mattatall,"lots of ppl say ""oh its a scam!"" or ""it's not free!"" but it is free, you can pay if you want but there's an average of 11 free episodes a day or more. it's also not some boring drama, no, it's some real nice drama, quick warning, some parts do get a little strange like one of the early episodes in ""In Love With a Single Farmer-Daddy"" that ones my personal favorite. not gonna give any spoilers but I would suggest that one. I could binge watch all of these. that's all I really have to say.",5,2025-12-31 15:34:02,positive,0.956169843673706,98
com.newleaf.app.android.victor,ReelShort - Stream Drama & TV,Nikhil Gowda,super app to watch shorts drama,5,2025-12-31 15:25:41,positive,0.9815186262130737,6
com.newleaf.app.android.victor,ReelShort - Stream Drama & TV,bev lister,Not free like advertised,1,2025-12-31 15:24:00,negative,0.9957605004310608,4
com.newleaf.app.android.victor,ReelShort - Stream Drama & TV,Illianna Hicks,good,5,2025-12-31 15:18:11,positive,0.9998161196708679,1
com.newleaf.app.android.victor,ReelShort - Stream Drama & TV,Heather Harrington,"I like the shows, got a year membership and watch all the time. but it's SUPER annoying it will not let me cast to my TV without threatening me with legal action 👀🙄 rather watch it on my big screen.",3,2025-12-31 15:09:40,negative,0.8797768354415894,40
com.newleaf.app.android.victor,ReelShort - Stream Drama & TV,Mounica Josyula,"guys, the stories are great, and hence i have paid for weekly vip plan of 620rs, and also put up on autopay on my google pay app. it also shows up on the top right corner in the app for me, but i am not able to unlock episodes as the plan says... can i get some help here",4,2025-12-31 15:05:30,negative,0.9896790981292725,59
com.newleaf.app.android.victor,ReelShort - Stream Drama & TV,Shellie,It's a scam. I paid for 300 coins and it gave me 100 on transaction history. I also had earned/collected 240coins (despite it said i would get 340coins) and it auto debits without asking to unlock each episode which was also very misleading as well.,1,2025-12-31 14:49:32,negative,0.9975510239601135,45
com.newleaf.app.android.victor,ReelShort - Stream Drama & TV,Sanaa Cassel,ia absolutely love it,5,2025-12-31 14:33:39,positive,0.9998762607574463,4
com.newleaf.app.android.victor,ReelShort - Stream Drama & TV,Jakia Elias,amazing,5,2025-12-31 14:26:15,positive,0.999875545501709,1
